mtllib Trividya-Loop-full-baseline-v1.mtl
o 01_tube_ribs
usemtl mat_9aa3aa
v -97.0000 50.7874 97.5617
v -97.0000 46.7624 102.7097
v -93.0000 46.7624 102.7097
f 1 2 3
v -97.0000 50.7874 97.5617
v -93.0000 46.7624 102.7097
v -93.0000 50.7874 97.5617
f 4 5 6
v -97.0000 46.7624 102.7097
v -97.0000 42.2179 107.4054
v -93.0000 42.2179 107.4054
f 7 8 9
v -97.0000 46.7624 102.7097
v -93.0000 42.2179 107.4054
v -93.0000 46.7624 102.7097
f 10 11 12
v -97.0000 42.2179 107.4054
v -97.0000 37.2044 111.5967
v -93.0000 37.2044 111.5967
f 13 14 15
v -97.0000 42.2179 107.4054
v -93.0000 37.2044 111.5967
v -93.0000 42.2179 107.4054
f 16 17 18
v -97.0000 37.2044 111.5967
v -97.0000 31.7776 115.2370
v -93.0000 31.7776 115.2370
f 19 20 21
v -97.0000 37.2044 111.5967
v -93.0000 31.7776 115.2370
v -93.0000 37.2044 111.5967
f 22 23 24
v -97.0000 31.7776 115.2370
v -97.0000 25.9978 118.2860
v -93.0000 25.9978 118.2860
f 25 26 27
v -97.0000 31.7776 115.2370
v -93.0000 25.9978 118.2860
v -93.0000 31.7776 115.2370
f 28 29 30
v -97.0000 25.9978 118.2860
v -97.0000 19.9292 120.7097
v -93.0000 19.9292 120.7097
f 31 32 33
v -97.0000 25.9978 118.2860
v -93.0000 19.9292 120.7097
v -93.0000 25.9978 118.2860
f 34 35 36
v -97.0000 19.9292 120.7097
v -97.0000 13.6393 122.4812
v -93.0000 13.6393 122.4812
f 37 38 39
v -97.0000 19.9292 120.7097
v -93.0000 13.6393 122.4812
v -93.0000 19.9292 120.7097
f 40 41 42
v -97.0000 13.6393 122.4812
v -97.0000 7.1978 123.5808
v -93.0000 7.1978 123.5808
f 43 44 45
v -97.0000 13.6393 122.4812
v -93.0000 7.1978 123.5808
v -93.0000 13.6393 122.4812
f 46 47 48
v -97.0000 7.1978 123.5808
v -97.0000 0.6763 123.9963
v -93.0000 0.6763 123.9963
f 49 50 51
v -97.0000 7.1978 123.5808
v -93.0000 0.6763 123.9963
v -93.0000 7.1978 123.5808
f 52 53 54
v -97.0000 0.6763 123.9963
v -97.0000 -5.8527 123.7231
v -93.0000 -5.8527 123.7231
f 55 56 57
v -97.0000 0.6763 123.9963
v -93.0000 -5.8527 123.7231
v -93.0000 0.6763 123.9963
f 58 59 60
v -97.0000 -5.8527 123.7231
v -97.0000 -12.3166 122.7643
v -93.0000 -12.3166 122.7643
f 61 62 63
v -97.0000 -5.8527 123.7231
v -93.0000 -12.3166 122.7643
v -93.0000 -5.8527 123.7231
f 64 65 66
v -97.0000 -12.3166 122.7643
v -97.0000 -18.6438 121.1305
v -93.0000 -18.6438 121.1305
f 67 68 69
v -97.0000 -12.3166 122.7643
v -93.0000 -18.6438 121.1305
v -93.0000 -12.3166 122.7643
f 70 71 72
v -97.0000 -18.6438 121.1305
v -97.0000 -24.7638 118.8397
v -93.0000 -24.7638 118.8397
f 73 74 75
v -97.0000 -18.6438 121.1305
v -93.0000 -24.7638 118.8397
v -93.0000 -18.6438 121.1305
f 76 77 78
v -97.0000 -24.7638 118.8397
v -97.0000 -30.6087 115.9176
v -93.0000 -30.6087 115.9176
f 79 80 81
v -97.0000 -24.7638 118.8397
v -93.0000 -30.6087 115.9176
v -93.0000 -24.7638 118.8397
f 82 83 84
v -97.0000 -30.6087 115.9176
v -97.0000 -36.1136 112.3965
v -93.0000 -36.1136 112.3965
f 85 86 87
v -97.0000 -30.6087 115.9176
v -93.0000 -36.1136 112.3965
v -93.0000 -30.6087 115.9176
f 88 89 90
v -97.0000 -36.1136 112.3965
v -97.0000 -41.2173 108.3156
v -93.0000 -41.2173 108.3156
f 91 92 93
v -97.0000 -36.1136 112.3965
v -93.0000 -41.2173 108.3156
v -93.0000 -36.1136 112.3965
f 94 95 96
v -97.0000 -41.2173 108.3156
v -97.0000 -45.8632 103.7201
v -93.0000 -45.8632 103.7201
f 97 98 99
v -97.0000 -41.2173 108.3156
v -93.0000 -45.8632 103.7201
v -93.0000 -41.2173 108.3156
f 100 101 102
v -97.0000 -45.8632 103.7201
v -97.0000 -49.9996 98.6612
v -93.0000 -49.9996 98.6612
f 103 104 105
v -97.0000 -45.8632 103.7201
v -93.0000 -49.9996 98.6612
v -93.0000 -45.8632 103.7201
f 106 107 108
v -97.0000 -49.9996 98.6612
v -97.0000 -53.5805 93.1950
v -93.0000 -53.5805 93.1950
f 109 110 111
v -97.0000 -49.9996 98.6612
v -93.0000 -53.5805 93.1950
v -93.0000 -49.9996 98.6612
f 112 113 114
v -97.0000 -53.5805 93.1950
v -97.0000 -56.5662 87.3823
v -93.0000 -56.5662 87.3823
f 115 116 117
v -97.0000 -53.5805 93.1950
v -93.0000 -56.5662 87.3823
v -93.0000 -53.5805 93.1950
f 118 119 120
v -97.0000 -56.5662 87.3823
v -97.0000 -58.9236 81.2877
v -93.0000 -58.9236 81.2877
f 121 122 123
v -97.0000 -56.5662 87.3823
v -93.0000 -58.9236 81.2877
v -93.0000 -56.5662 87.3823
f 124 125 126
v -97.0000 -58.9236 81.2877
v -97.0000 -60.6263 74.9787
v -93.0000 -60.6263 74.9787
f 127 128 129
v -97.0000 -58.9236 81.2877
v -93.0000 -60.6263 74.9787
v -93.0000 -58.9236 81.2877
f 130 131 132
v -97.0000 -60.6263 74.9787
v -97.0000 -61.6556 68.5256
v -93.0000 -61.6556 68.5256
f 133 134 135
v -97.0000 -60.6263 74.9787
v -93.0000 -61.6556 68.5256
v -93.0000 -60.6263 74.9787
f 136 137 138
v -97.0000 -61.6556 68.5256
v -97.0000 -62.0000 62.0000
v -93.0000 -62.0000 62.0000
f 139 140 141
v -97.0000 -61.6556 68.5256
v -93.0000 -62.0000 62.0000
v -93.0000 -61.6556 68.5256
f 142 143 144
v -97.0000 -62.0000 62.0000
v -97.0000 -61.6556 55.4744
v -93.0000 -61.6556 55.4744
f 145 146 147
v -97.0000 -62.0000 62.0000
v -93.0000 -61.6556 55.4744
v -93.0000 -62.0000 62.0000
f 148 149 150
v -97.0000 -61.6556 55.4744
v -97.0000 -60.6263 49.0213
v -93.0000 -60.6263 49.0213
f 151 152 153
v -97.0000 -61.6556 55.4744
v -93.0000 -60.6263 49.0213
v -93.0000 -61.6556 55.4744
f 154 155 156
v -97.0000 -60.6263 49.0213
v -97.0000 -58.9236 42.7123
v -93.0000 -58.9236 42.7123
f 157 158 159
v -97.0000 -60.6263 49.0213
v -93.0000 -58.9236 42.7123
v -93.0000 -60.6263 49.0213
f 160 161 162
v -97.0000 -58.9236 42.7123
v -97.0000 -56.5662 36.6177
v -93.0000 -56.5662 36.6177
f 163 164 165
v -97.0000 -58.9236 42.7123
v -93.0000 -56.5662 36.6177
v -93.0000 -58.9236 42.7123
f 166 167 168
v -97.0000 -56.5662 36.6177
v -97.0000 -53.5805 30.8050
v -93.0000 -53.5805 30.8050
f 169 170 171
v -97.0000 -56.5662 36.6177
v -93.0000 -53.5805 30.8050
v -93.0000 -56.5662 36.6177
f 172 173 174
v -97.0000 -53.5805 30.8050
v -97.0000 -49.9996 25.3388
v -93.0000 -49.9996 25.3388
f 175 176 177
v -97.0000 -53.5805 30.8050
v -93.0000 -49.9996 25.3388
v -93.0000 -53.5805 30.8050
f 178 179 180
v -97.0000 -49.9996 25.3388
v -97.0000 -45.8632 20.2799
v -93.0000 -45.8632 20.2799
f 181 182 183
v -97.0000 -49.9996 25.3388
v -93.0000 -45.8632 20.2799
v -93.0000 -49.9996 25.3388
f 184 185 186
v -97.0000 -45.8632 20.2799
v -97.0000 -41.2173 15.6844
v -93.0000 -41.2173 15.6844
f 187 188 189
v -97.0000 -45.8632 20.2799
v -93.0000 -41.2173 15.6844
v -93.0000 -45.8632 20.2799
f 190 191 192
v -97.0000 -41.2173 15.6844
v -97.0000 -36.1136 11.6035
v -93.0000 -36.1136 11.6035
f 193 194 195
v -97.0000 -41.2173 15.6844
v -93.0000 -36.1136 11.6035
v -93.0000 -41.2173 15.6844
f 196 197 198
v -97.0000 -36.1136 11.6035
v -97.0000 -30.6087 8.0824
v -93.0000 -30.6087 8.0824
f 199 200 201
v -97.0000 -36.1136 11.6035
v -93.0000 -30.6087 8.0824
v -93.0000 -36.1136 11.6035
f 202 203 204
v -97.0000 -30.6087 8.0824
v -97.0000 -24.7638 5.1603
v -93.0000 -24.7638 5.1603
f 205 206 207
v -97.0000 -30.6087 8.0824
v -93.0000 -24.7638 5.1603
v -93.0000 -30.6087 8.0824
f 208 209 210
v -97.0000 -24.7638 5.1603
v -97.0000 -18.6438 2.8695
v -93.0000 -18.6438 2.8695
f 211 212 213
v -97.0000 -24.7638 5.1603
v -93.0000 -18.6438 2.8695
v -93.0000 -24.7638 5.1603
f 214 215 216
v -97.0000 -18.6438 2.8695
v -97.0000 -12.3166 1.2357
v -93.0000 -12.3166 1.2357
f 217 218 219
v -97.0000 -18.6438 2.8695
v -93.0000 -12.3166 1.2357
v -93.0000 -18.6438 2.8695
f 220 221 222
v -97.0000 -12.3166 1.2357
v -97.0000 -5.8527 0.2769
v -93.0000 -5.8527 0.2769
f 223 224 225
v -97.0000 -12.3166 1.2357
v -93.0000 -5.8527 0.2769
v -93.0000 -12.3166 1.2357
f 226 227 228
v -97.0000 -5.8527 0.2769
v -97.0000 0.6763 0.0037
v -93.0000 0.6763 0.0037
f 229 230 231
v -97.0000 -5.8527 0.2769
v -93.0000 0.6763 0.0037
v -93.0000 -5.8527 0.2769
f 232 233 234
v -97.0000 0.6763 0.0037
v -97.0000 7.1978 0.4192
v -93.0000 7.1978 0.4192
f 235 236 237
v -97.0000 0.6763 0.0037
v -93.0000 7.1978 0.4192
v -93.0000 0.6763 0.0037
f 238 239 240
v -97.0000 7.1978 0.4192
v -97.0000 13.6393 1.5188
v -93.0000 13.6393 1.5188
f 241 242 243
v -97.0000 7.1978 0.4192
v -93.0000 13.6393 1.5188
v -93.0000 7.1978 0.4192
f 244 245 246
v -97.0000 13.6393 1.5188
v -97.0000 19.9292 3.2903
v -93.0000 19.9292 3.2903
f 247 248 249
v -97.0000 13.6393 1.5188
v -93.0000 19.9292 3.2903
v -93.0000 13.6393 1.5188
f 250 251 252
v -97.0000 19.9292 3.2903
v -97.0000 25.9978 5.7140
v -93.0000 25.9978 5.7140
f 253 254 255
v -97.0000 19.9292 3.2903
v -93.0000 25.9978 5.7140
v -93.0000 19.9292 3.2903
f 256 257 258
v -97.0000 25.9978 5.7140
v -97.0000 31.7776 8.7630
v -93.0000 31.7776 8.7630
f 259 260 261
v -97.0000 25.9978 5.7140
v -93.0000 31.7776 8.7630
v -93.0000 25.9978 5.7140
f 262 263 264
v -97.0000 31.7776 8.7630
v -97.0000 37.2044 12.4033
v -93.0000 37.2044 12.4033
f 265 266 267
v -97.0000 31.7776 8.7630
v -93.0000 37.2044 12.4033
v -93.0000 31.7776 8.7630
f 268 269 270
v -97.0000 37.2044 12.4033
v -97.0000 42.2179 16.5946
v -93.0000 42.2179 16.5946
f 271 272 273
v -97.0000 37.2044 12.4033
v -93.0000 42.2179 16.5946
v -93.0000 37.2044 12.4033
f 274 275 276
v -97.0000 42.2179 16.5946
v -97.0000 46.7624 21.2903
v -93.0000 46.7624 21.2903
f 277 278 279
v -97.0000 42.2179 16.5946
v -93.0000 46.7624 21.2903
v -93.0000 42.2179 16.5946
f 280 281 282
v -97.0000 46.7624 21.2903
v -97.0000 50.7874 26.4383
v -93.0000 50.7874 26.4383
f 283 284 285
v -97.0000 46.7624 21.2903
v -93.0000 50.7874 26.4383
v -93.0000 46.7624 21.2903
f 286 287 288
v -2.0000 50.7874 97.5617
v -2.0000 46.7624 102.7097
v 2.0000 46.7624 102.7097
f 289 290 291
v -2.0000 50.7874 97.5617
v 2.0000 46.7624 102.7097
v 2.0000 50.7874 97.5617
f 292 293 294
v -2.0000 46.7624 102.7097
v -2.0000 42.2179 107.4054
v 2.0000 42.2179 107.4054
f 295 296 297
v -2.0000 46.7624 102.7097
v 2.0000 42.2179 107.4054
v 2.0000 46.7624 102.7097
f 298 299 300
v -2.0000 42.2179 107.4054
v -2.0000 37.2044 111.5967
v 2.0000 37.2044 111.5967
f 301 302 303
v -2.0000 42.2179 107.4054
v 2.0000 37.2044 111.5967
v 2.0000 42.2179 107.4054
f 304 305 306
v -2.0000 37.2044 111.5967
v -2.0000 31.7776 115.2370
v 2.0000 31.7776 115.2370
f 307 308 309
v -2.0000 37.2044 111.5967
v 2.0000 31.7776 115.2370
v 2.0000 37.2044 111.5967
f 310 311 312
v -2.0000 31.7776 115.2370
v -2.0000 25.9978 118.2860
v 2.0000 25.9978 118.2860
f 313 314 315
v -2.0000 31.7776 115.2370
v 2.0000 25.9978 118.2860
v 2.0000 31.7776 115.2370
f 316 317 318
v -2.0000 25.9978 118.2860
v -2.0000 19.9292 120.7097
v 2.0000 19.9292 120.7097
f 319 320 321
v -2.0000 25.9978 118.2860
v 2.0000 19.9292 120.7097
v 2.0000 25.9978 118.2860
f 322 323 324
v -2.0000 19.9292 120.7097
v -2.0000 13.6393 122.4812
v 2.0000 13.6393 122.4812
f 325 326 327
v -2.0000 19.9292 120.7097
v 2.0000 13.6393 122.4812
v 2.0000 19.9292 120.7097
f 328 329 330
v -2.0000 13.6393 122.4812
v -2.0000 7.1978 123.5808
v 2.0000 7.1978 123.5808
f 331 332 333
v -2.0000 13.6393 122.4812
v 2.0000 7.1978 123.5808
v 2.0000 13.6393 122.4812
f 334 335 336
v -2.0000 7.1978 123.5808
v -2.0000 0.6763 123.9963
v 2.0000 0.6763 123.9963
f 337 338 339
v -2.0000 7.1978 123.5808
v 2.0000 0.6763 123.9963
v 2.0000 7.1978 123.5808
f 340 341 342
v -2.0000 0.6763 123.9963
v -2.0000 -5.8527 123.7231
v 2.0000 -5.8527 123.7231
f 343 344 345
v -2.0000 0.6763 123.9963
v 2.0000 -5.8527 123.7231
v 2.0000 0.6763 123.9963
f 346 347 348
v -2.0000 -5.8527 123.7231
v -2.0000 -12.3166 122.7643
v 2.0000 -12.3166 122.7643
f 349 350 351
v -2.0000 -5.8527 123.7231
v 2.0000 -12.3166 122.7643
v 2.0000 -5.8527 123.7231
f 352 353 354
v -2.0000 -12.3166 122.7643
v -2.0000 -18.6438 121.1305
v 2.0000 -18.6438 121.1305
f 355 356 357
v -2.0000 -12.3166 122.7643
v 2.0000 -18.6438 121.1305
v 2.0000 -12.3166 122.7643
f 358 359 360
v -2.0000 -18.6438 121.1305
v -2.0000 -24.7638 118.8397
v 2.0000 -24.7638 118.8397
f 361 362 363
v -2.0000 -18.6438 121.1305
v 2.0000 -24.7638 118.8397
v 2.0000 -18.6438 121.1305
f 364 365 366
v -2.0000 -24.7638 118.8397
v -2.0000 -30.6087 115.9176
v 2.0000 -30.6087 115.9176
f 367 368 369
v -2.0000 -24.7638 118.8397
v 2.0000 -30.6087 115.9176
v 2.0000 -24.7638 118.8397
f 370 371 372
v -2.0000 -30.6087 115.9176
v -2.0000 -36.1136 112.3965
v 2.0000 -36.1136 112.3965
f 373 374 375
v -2.0000 -30.6087 115.9176
v 2.0000 -36.1136 112.3965
v 2.0000 -30.6087 115.9176
f 376 377 378
v -2.0000 -36.1136 112.3965
v -2.0000 -41.2173 108.3156
v 2.0000 -41.2173 108.3156
f 379 380 381
v -2.0000 -36.1136 112.3965
v 2.0000 -41.2173 108.3156
v 2.0000 -36.1136 112.3965
f 382 383 384
v -2.0000 -41.2173 108.3156
v -2.0000 -45.8632 103.7201
v 2.0000 -45.8632 103.7201
f 385 386 387
v -2.0000 -41.2173 108.3156
v 2.0000 -45.8632 103.7201
v 2.0000 -41.2173 108.3156
f 388 389 390
v -2.0000 -45.8632 103.7201
v -2.0000 -49.9996 98.6612
v 2.0000 -49.9996 98.6612
f 391 392 393
v -2.0000 -45.8632 103.7201
v 2.0000 -49.9996 98.6612
v 2.0000 -45.8632 103.7201
f 394 395 396
v -2.0000 -49.9996 98.6612
v -2.0000 -53.5805 93.1950
v 2.0000 -53.5805 93.1950
f 397 398 399
v -2.0000 -49.9996 98.6612
v 2.0000 -53.5805 93.1950
v 2.0000 -49.9996 98.6612
f 400 401 402
v -2.0000 -53.5805 93.1950
v -2.0000 -56.5662 87.3823
v 2.0000 -56.5662 87.3823
f 403 404 405
v -2.0000 -53.5805 93.1950
v 2.0000 -56.5662 87.3823
v 2.0000 -53.5805 93.1950
f 406 407 408
v -2.0000 -56.5662 87.3823
v -2.0000 -58.9236 81.2877
v 2.0000 -58.9236 81.2877
f 409 410 411
v -2.0000 -56.5662 87.3823
v 2.0000 -58.9236 81.2877
v 2.0000 -56.5662 87.3823
f 412 413 414
v -2.0000 -58.9236 81.2877
v -2.0000 -60.6263 74.9787
v 2.0000 -60.6263 74.9787
f 415 416 417
v -2.0000 -58.9236 81.2877
v 2.0000 -60.6263 74.9787
v 2.0000 -58.9236 81.2877
f 418 419 420
v -2.0000 -60.6263 74.9787
v -2.0000 -61.6556 68.5256
v 2.0000 -61.6556 68.5256
f 421 422 423
v -2.0000 -60.6263 74.9787
v 2.0000 -61.6556 68.5256
v 2.0000 -60.6263 74.9787
f 424 425 426
v -2.0000 -61.6556 68.5256
v -2.0000 -62.0000 62.0000
v 2.0000 -62.0000 62.0000
f 427 428 429
v -2.0000 -61.6556 68.5256
v 2.0000 -62.0000 62.0000
v 2.0000 -61.6556 68.5256
f 430 431 432
v -2.0000 -62.0000 62.0000
v -2.0000 -61.6556 55.4744
v 2.0000 -61.6556 55.4744
f 433 434 435
v -2.0000 -62.0000 62.0000
v 2.0000 -61.6556 55.4744
v 2.0000 -62.0000 62.0000
f 436 437 438
v -2.0000 -61.6556 55.4744
v -2.0000 -60.6263 49.0213
v 2.0000 -60.6263 49.0213
f 439 440 441
v -2.0000 -61.6556 55.4744
v 2.0000 -60.6263 49.0213
v 2.0000 -61.6556 55.4744
f 442 443 444
v -2.0000 -60.6263 49.0213
v -2.0000 -58.9236 42.7123
v 2.0000 -58.9236 42.7123
f 445 446 447
v -2.0000 -60.6263 49.0213
v 2.0000 -58.9236 42.7123
v 2.0000 -60.6263 49.0213
f 448 449 450
v -2.0000 -58.9236 42.7123
v -2.0000 -56.5662 36.6177
v 2.0000 -56.5662 36.6177
f 451 452 453
v -2.0000 -58.9236 42.7123
v 2.0000 -56.5662 36.6177
v 2.0000 -58.9236 42.7123
f 454 455 456
v -2.0000 -56.5662 36.6177
v -2.0000 -53.5805 30.8050
v 2.0000 -53.5805 30.8050
f 457 458 459
v -2.0000 -56.5662 36.6177
v 2.0000 -53.5805 30.8050
v 2.0000 -56.5662 36.6177
f 460 461 462
v -2.0000 -53.5805 30.8050
v -2.0000 -49.9996 25.3388
v 2.0000 -49.9996 25.3388
f 463 464 465
v -2.0000 -53.5805 30.8050
v 2.0000 -49.9996 25.3388
v 2.0000 -53.5805 30.8050
f 466 467 468
v -2.0000 -49.9996 25.3388
v -2.0000 -45.8632 20.2799
v 2.0000 -45.8632 20.2799
f 469 470 471
v -2.0000 -49.9996 25.3388
v 2.0000 -45.8632 20.2799
v 2.0000 -49.9996 25.3388
f 472 473 474
v -2.0000 -45.8632 20.2799
v -2.0000 -41.2173 15.6844
v 2.0000 -41.2173 15.6844
f 475 476 477
v -2.0000 -45.8632 20.2799
v 2.0000 -41.2173 15.6844
v 2.0000 -45.8632 20.2799
f 478 479 480
v -2.0000 -41.2173 15.6844
v -2.0000 -36.1136 11.6035
v 2.0000 -36.1136 11.6035
f 481 482 483
v -2.0000 -41.2173 15.6844
v 2.0000 -36.1136 11.6035
v 2.0000 -41.2173 15.6844
f 484 485 486
v -2.0000 -36.1136 11.6035
v -2.0000 -30.6087 8.0824
v 2.0000 -30.6087 8.0824
f 487 488 489
v -2.0000 -36.1136 11.6035
v 2.0000 -30.6087 8.0824
v 2.0000 -36.1136 11.6035
f 490 491 492
v -2.0000 -30.6087 8.0824
v -2.0000 -24.7638 5.1603
v 2.0000 -24.7638 5.1603
f 493 494 495
v -2.0000 -30.6087 8.0824
v 2.0000 -24.7638 5.1603
v 2.0000 -30.6087 8.0824
f 496 497 498
v -2.0000 -24.7638 5.1603
v -2.0000 -18.6438 2.8695
v 2.0000 -18.6438 2.8695
f 499 500 501
v -2.0000 -24.7638 5.1603
v 2.0000 -18.6438 2.8695
v 2.0000 -24.7638 5.1603
f 502 503 504
v -2.0000 -18.6438 2.8695
v -2.0000 -12.3166 1.2357
v 2.0000 -12.3166 1.2357
f 505 506 507
v -2.0000 -18.6438 2.8695
v 2.0000 -12.3166 1.2357
v 2.0000 -18.6438 2.8695
f 508 509 510
v -2.0000 -12.3166 1.2357
v -2.0000 -5.8527 0.2769
v 2.0000 -5.8527 0.2769
f 511 512 513
v -2.0000 -12.3166 1.2357
v 2.0000 -5.8527 0.2769
v 2.0000 -12.3166 1.2357
f 514 515 516
v -2.0000 -5.8527 0.2769
v -2.0000 0.6763 0.0037
v 2.0000 0.6763 0.0037
f 517 518 519
v -2.0000 -5.8527 0.2769
v 2.0000 0.6763 0.0037
v 2.0000 -5.8527 0.2769
f 520 521 522
v -2.0000 0.6763 0.0037
v -2.0000 7.1978 0.4192
v 2.0000 7.1978 0.4192
f 523 524 525
v -2.0000 0.6763 0.0037
v 2.0000 7.1978 0.4192
v 2.0000 0.6763 0.0037
f 526 527 528
v -2.0000 7.1978 0.4192
v -2.0000 13.6393 1.5188
v 2.0000 13.6393 1.5188
f 529 530 531
v -2.0000 7.1978 0.4192
v 2.0000 13.6393 1.5188
v 2.0000 7.1978 0.4192
f 532 533 534
v -2.0000 13.6393 1.5188
v -2.0000 19.9292 3.2903
v 2.0000 19.9292 3.2903
f 535 536 537
v -2.0000 13.6393 1.5188
v 2.0000 19.9292 3.2903
v 2.0000 13.6393 1.5188
f 538 539 540
v -2.0000 19.9292 3.2903
v -2.0000 25.9978 5.7140
v 2.0000 25.9978 5.7140
f 541 542 543
v -2.0000 19.9292 3.2903
v 2.0000 25.9978 5.7140
v 2.0000 19.9292 3.2903
f 544 545 546
v -2.0000 25.9978 5.7140
v -2.0000 31.7776 8.7630
v 2.0000 31.7776 8.7630
f 547 548 549
v -2.0000 25.9978 5.7140
v 2.0000 31.7776 8.7630
v 2.0000 25.9978 5.7140
f 550 551 552
v -2.0000 31.7776 8.7630
v -2.0000 37.2044 12.4033
v 2.0000 37.2044 12.4033
f 553 554 555
v -2.0000 31.7776 8.7630
v 2.0000 37.2044 12.4033
v 2.0000 31.7776 8.7630
f 556 557 558
v -2.0000 37.2044 12.4033
v -2.0000 42.2179 16.5946
v 2.0000 42.2179 16.5946
f 559 560 561
v -2.0000 37.2044 12.4033
v 2.0000 42.2179 16.5946
v 2.0000 37.2044 12.4033
f 562 563 564
v -2.0000 42.2179 16.5946
v -2.0000 46.7624 21.2903
v 2.0000 46.7624 21.2903
f 565 566 567
v -2.0000 42.2179 16.5946
v 2.0000 46.7624 21.2903
v 2.0000 42.2179 16.5946
f 568 569 570
v -2.0000 46.7624 21.2903
v -2.0000 50.7874 26.4383
v 2.0000 50.7874 26.4383
f 571 572 573
v -2.0000 46.7624 21.2903
v 2.0000 50.7874 26.4383
v 2.0000 46.7624 21.2903
f 574 575 576
v 93.0000 50.7874 97.5617
v 93.0000 46.7624 102.7097
v 97.0000 46.7624 102.7097
f 577 578 579
v 93.0000 50.7874 97.5617
v 97.0000 46.7624 102.7097
v 97.0000 50.7874 97.5617
f 580 581 582
v 93.0000 46.7624 102.7097
v 93.0000 42.2179 107.4054
v 97.0000 42.2179 107.4054
f 583 584 585
v 93.0000 46.7624 102.7097
v 97.0000 42.2179 107.4054
v 97.0000 46.7624 102.7097
f 586 587 588
v 93.0000 42.2179 107.4054
v 93.0000 37.2044 111.5967
v 97.0000 37.2044 111.5967
f 589 590 591
v 93.0000 42.2179 107.4054
v 97.0000 37.2044 111.5967
v 97.0000 42.2179 107.4054
f 592 593 594
v 93.0000 37.2044 111.5967
v 93.0000 31.7776 115.2370
v 97.0000 31.7776 115.2370
f 595 596 597
v 93.0000 37.2044 111.5967
v 97.0000 31.7776 115.2370
v 97.0000 37.2044 111.5967
f 598 599 600
v 93.0000 31.7776 115.2370
v 93.0000 25.9978 118.2860
v 97.0000 25.9978 118.2860
f 601 602 603
v 93.0000 31.7776 115.2370
v 97.0000 25.9978 118.2860
v 97.0000 31.7776 115.2370
f 604 605 606
v 93.0000 25.9978 118.2860
v 93.0000 19.9292 120.7097
v 97.0000 19.9292 120.7097
f 607 608 609
v 93.0000 25.9978 118.2860
v 97.0000 19.9292 120.7097
v 97.0000 25.9978 118.2860
f 610 611 612
v 93.0000 19.9292 120.7097
v 93.0000 13.6393 122.4812
v 97.0000 13.6393 122.4812
f 613 614 615
v 93.0000 19.9292 120.7097
v 97.0000 13.6393 122.4812
v 97.0000 19.9292 120.7097
f 616 617 618
v 93.0000 13.6393 122.4812
v 93.0000 7.1978 123.5808
v 97.0000 7.1978 123.5808
f 619 620 621
v 93.0000 13.6393 122.4812
v 97.0000 7.1978 123.5808
v 97.0000 13.6393 122.4812
f 622 623 624
v 93.0000 7.1978 123.5808
v 93.0000 0.6763 123.9963
v 97.0000 0.6763 123.9963
f 625 626 627
v 93.0000 7.1978 123.5808
v 97.0000 0.6763 123.9963
v 97.0000 7.1978 123.5808
f 628 629 630
v 93.0000 0.6763 123.9963
v 93.0000 -5.8527 123.7231
v 97.0000 -5.8527 123.7231
f 631 632 633
v 93.0000 0.6763 123.9963
v 97.0000 -5.8527 123.7231
v 97.0000 0.6763 123.9963
f 634 635 636
v 93.0000 -5.8527 123.7231
v 93.0000 -12.3166 122.7643
v 97.0000 -12.3166 122.7643
f 637 638 639
v 93.0000 -5.8527 123.7231
v 97.0000 -12.3166 122.7643
v 97.0000 -5.8527 123.7231
f 640 641 642
v 93.0000 -12.3166 122.7643
v 93.0000 -18.6438 121.1305
v 97.0000 -18.6438 121.1305
f 643 644 645
v 93.0000 -12.3166 122.7643
v 97.0000 -18.6438 121.1305
v 97.0000 -12.3166 122.7643
f 646 647 648
v 93.0000 -18.6438 121.1305
v 93.0000 -24.7638 118.8397
v 97.0000 -24.7638 118.8397
f 649 650 651
v 93.0000 -18.6438 121.1305
v 97.0000 -24.7638 118.8397
v 97.0000 -18.6438 121.1305
f 652 653 654
v 93.0000 -24.7638 118.8397
v 93.0000 -30.6087 115.9176
v 97.0000 -30.6087 115.9176
f 655 656 657
v 93.0000 -24.7638 118.8397
v 97.0000 -30.6087 115.9176
v 97.0000 -24.7638 118.8397
f 658 659 660
v 93.0000 -30.6087 115.9176
v 93.0000 -36.1136 112.3965
v 97.0000 -36.1136 112.3965
f 661 662 663
v 93.0000 -30.6087 115.9176
v 97.0000 -36.1136 112.3965
v 97.0000 -30.6087 115.9176
f 664 665 666
v 93.0000 -36.1136 112.3965
v 93.0000 -41.2173 108.3156
v 97.0000 -41.2173 108.3156
f 667 668 669
v 93.0000 -36.1136 112.3965
v 97.0000 -41.2173 108.3156
v 97.0000 -36.1136 112.3965
f 670 671 672
v 93.0000 -41.2173 108.3156
v 93.0000 -45.8632 103.7201
v 97.0000 -45.8632 103.7201
f 673 674 675
v 93.0000 -41.2173 108.3156
v 97.0000 -45.8632 103.7201
v 97.0000 -41.2173 108.3156
f 676 677 678
v 93.0000 -45.8632 103.7201
v 93.0000 -49.9996 98.6612
v 97.0000 -49.9996 98.6612
f 679 680 681
v 93.0000 -45.8632 103.7201
v 97.0000 -49.9996 98.6612
v 97.0000 -45.8632 103.7201
f 682 683 684
v 93.0000 -49.9996 98.6612
v 93.0000 -53.5805 93.1950
v 97.0000 -53.5805 93.1950
f 685 686 687
v 93.0000 -49.9996 98.6612
v 97.0000 -53.5805 93.1950
v 97.0000 -49.9996 98.6612
f 688 689 690
v 93.0000 -53.5805 93.1950
v 93.0000 -56.5662 87.3823
v 97.0000 -56.5662 87.3823
f 691 692 693
v 93.0000 -53.5805 93.1950
v 97.0000 -56.5662 87.3823
v 97.0000 -53.5805 93.1950
f 694 695 696
v 93.0000 -56.5662 87.3823
v 93.0000 -58.9236 81.2877
v 97.0000 -58.9236 81.2877
f 697 698 699
v 93.0000 -56.5662 87.3823
v 97.0000 -58.9236 81.2877
v 97.0000 -56.5662 87.3823
f 700 701 702
v 93.0000 -58.9236 81.2877
v 93.0000 -60.6263 74.9787
v 97.0000 -60.6263 74.9787
f 703 704 705
v 93.0000 -58.9236 81.2877
v 97.0000 -60.6263 74.9787
v 97.0000 -58.9236 81.2877
f 706 707 708
v 93.0000 -60.6263 74.9787
v 93.0000 -61.6556 68.5256
v 97.0000 -61.6556 68.5256
f 709 710 711
v 93.0000 -60.6263 74.9787
v 97.0000 -61.6556 68.5256
v 97.0000 -60.6263 74.9787
f 712 713 714
v 93.0000 -61.6556 68.5256
v 93.0000 -62.0000 62.0000
v 97.0000 -62.0000 62.0000
f 715 716 717
v 93.0000 -61.6556 68.5256
v 97.0000 -62.0000 62.0000
v 97.0000 -61.6556 68.5256
f 718 719 720
v 93.0000 -62.0000 62.0000
v 93.0000 -61.6556 55.4744
v 97.0000 -61.6556 55.4744
f 721 722 723
v 93.0000 -62.0000 62.0000
v 97.0000 -61.6556 55.4744
v 97.0000 -62.0000 62.0000
f 724 725 726
v 93.0000 -61.6556 55.4744
v 93.0000 -60.6263 49.0213
v 97.0000 -60.6263 49.0213
f 727 728 729
v 93.0000 -61.6556 55.4744
v 97.0000 -60.6263 49.0213
v 97.0000 -61.6556 55.4744
f 730 731 732
v 93.0000 -60.6263 49.0213
v 93.0000 -58.9236 42.7123
v 97.0000 -58.9236 42.7123
f 733 734 735
v 93.0000 -60.6263 49.0213
v 97.0000 -58.9236 42.7123
v 97.0000 -60.6263 49.0213
f 736 737 738
v 93.0000 -58.9236 42.7123
v 93.0000 -56.5662 36.6177
v 97.0000 -56.5662 36.6177
f 739 740 741
v 93.0000 -58.9236 42.7123
v 97.0000 -56.5662 36.6177
v 97.0000 -58.9236 42.7123
f 742 743 744
v 93.0000 -56.5662 36.6177
v 93.0000 -53.5805 30.8050
v 97.0000 -53.5805 30.8050
f 745 746 747
v 93.0000 -56.5662 36.6177
v 97.0000 -53.5805 30.8050
v 97.0000 -56.5662 36.6177
f 748 749 750
v 93.0000 -53.5805 30.8050
v 93.0000 -49.9996 25.3388
v 97.0000 -49.9996 25.3388
f 751 752 753
v 93.0000 -53.5805 30.8050
v 97.0000 -49.9996 25.3388
v 97.0000 -53.5805 30.8050
f 754 755 756
v 93.0000 -49.9996 25.3388
v 93.0000 -45.8632 20.2799
v 97.0000 -45.8632 20.2799
f 757 758 759
v 93.0000 -49.9996 25.3388
v 97.0000 -45.8632 20.2799
v 97.0000 -49.9996 25.3388
f 760 761 762
v 93.0000 -45.8632 20.2799
v 93.0000 -41.2173 15.6844
v 97.0000 -41.2173 15.6844
f 763 764 765
v 93.0000 -45.8632 20.2799
v 97.0000 -41.2173 15.6844
v 97.0000 -45.8632 20.2799
f 766 767 768
v 93.0000 -41.2173 15.6844
v 93.0000 -36.1136 11.6035
v 97.0000 -36.1136 11.6035
f 769 770 771
v 93.0000 -41.2173 15.6844
v 97.0000 -36.1136 11.6035
v 97.0000 -41.2173 15.6844
f 772 773 774
v 93.0000 -36.1136 11.6035
v 93.0000 -30.6087 8.0824
v 97.0000 -30.6087 8.0824
f 775 776 777
v 93.0000 -36.1136 11.6035
v 97.0000 -30.6087 8.0824
v 97.0000 -36.1136 11.6035
f 778 779 780
v 93.0000 -30.6087 8.0824
v 93.0000 -24.7638 5.1603
v 97.0000 -24.7638 5.1603
f 781 782 783
v 93.0000 -30.6087 8.0824
v 97.0000 -24.7638 5.1603
v 97.0000 -30.6087 8.0824
f 784 785 786
v 93.0000 -24.7638 5.1603
v 93.0000 -18.6438 2.8695
v 97.0000 -18.6438 2.8695
f 787 788 789
v 93.0000 -24.7638 5.1603
v 97.0000 -18.6438 2.8695
v 97.0000 -24.7638 5.1603
f 790 791 792
v 93.0000 -18.6438 2.8695
v 93.0000 -12.3166 1.2357
v 97.0000 -12.3166 1.2357
f 793 794 795
v 93.0000 -18.6438 2.8695
v 97.0000 -12.3166 1.2357
v 97.0000 -18.6438 2.8695
f 796 797 798
v 93.0000 -12.3166 1.2357
v 93.0000 -5.8527 0.2769
v 97.0000 -5.8527 0.2769
f 799 800 801
v 93.0000 -12.3166 1.2357
v 97.0000 -5.8527 0.2769
v 97.0000 -12.3166 1.2357
f 802 803 804
v 93.0000 -5.8527 0.2769
v 93.0000 0.6763 0.0037
v 97.0000 0.6763 0.0037
f 805 806 807
v 93.0000 -5.8527 0.2769
v 97.0000 0.6763 0.0037
v 97.0000 -5.8527 0.2769
f 808 809 810
v 93.0000 0.6763 0.0037
v 93.0000 7.1978 0.4192
v 97.0000 7.1978 0.4192
f 811 812 813
v 93.0000 0.6763 0.0037
v 97.0000 7.1978 0.4192
v 97.0000 0.6763 0.0037
f 814 815 816
v 93.0000 7.1978 0.4192
v 93.0000 13.6393 1.5188
v 97.0000 13.6393 1.5188
f 817 818 819
v 93.0000 7.1978 0.4192
v 97.0000 13.6393 1.5188
v 97.0000 7.1978 0.4192
f 820 821 822
v 93.0000 13.6393 1.5188
v 93.0000 19.9292 3.2903
v 97.0000 19.9292 3.2903
f 823 824 825
v 93.0000 13.6393 1.5188
v 97.0000 19.9292 3.2903
v 97.0000 13.6393 1.5188
f 826 827 828
v 93.0000 19.9292 3.2903
v 93.0000 25.9978 5.7140
v 97.0000 25.9978 5.7140
f 829 830 831
v 93.0000 19.9292 3.2903
v 97.0000 25.9978 5.7140
v 97.0000 19.9292 3.2903
f 832 833 834
v 93.0000 25.9978 5.7140
v 93.0000 31.7776 8.7630
v 97.0000 31.7776 8.7630
f 835 836 837
v 93.0000 25.9978 5.7140
v 97.0000 31.7776 8.7630
v 97.0000 25.9978 5.7140
f 838 839 840
v 93.0000 31.7776 8.7630
v 93.0000 37.2044 12.4033
v 97.0000 37.2044 12.4033
f 841 842 843
v 93.0000 31.7776 8.7630
v 97.0000 37.2044 12.4033
v 97.0000 31.7776 8.7630
f 844 845 846
v 93.0000 37.2044 12.4033
v 93.0000 42.2179 16.5946
v 97.0000 42.2179 16.5946
f 847 848 849
v 93.0000 37.2044 12.4033
v 97.0000 42.2179 16.5946
v 97.0000 37.2044 12.4033
f 850 851 852
v 93.0000 42.2179 16.5946
v 93.0000 46.7624 21.2903
v 97.0000 46.7624 21.2903
f 853 854 855
v 93.0000 42.2179 16.5946
v 97.0000 46.7624 21.2903
v 97.0000 42.2179 16.5946
f 856 857 858
v 93.0000 46.7624 21.2903
v 93.0000 50.7874 26.4383
v 97.0000 50.7874 26.4383
f 859 860 861
v 93.0000 46.7624 21.2903
v 97.0000 50.7874 26.4383
v 97.0000 46.7624 21.2903
f 862 863 864
v -100.0000 -52.5000 94.5000
v 100.0000 -52.5000 94.5000
v 100.0000 -49.5000 94.5000
f 865 866 867
v -100.0000 -52.5000 94.5000
v 100.0000 -49.5000 94.5000
v -100.0000 -49.5000 94.5000
f 868 869 870
v -100.0000 -52.5000 97.5000
v -100.0000 -49.5000 97.5000
v 100.0000 -49.5000 97.5000
f 871 872 873
v -100.0000 -52.5000 97.5000
v 100.0000 -49.5000 97.5000
v 100.0000 -52.5000 97.5000
f 874 875 876
v -100.0000 -52.5000 94.5000
v -100.0000 -52.5000 97.5000
v 100.0000 -52.5000 97.5000
f 877 878 879
v -100.0000 -52.5000 94.5000
v 100.0000 -52.5000 97.5000
v 100.0000 -52.5000 94.5000
f 880 881 882
v 100.0000 -52.5000 94.5000
v 100.0000 -52.5000 97.5000
v 100.0000 -49.5000 97.5000
f 883 884 885
v 100.0000 -52.5000 94.5000
v 100.0000 -49.5000 97.5000
v 100.0000 -49.5000 94.5000
f 886 887 888
v 100.0000 -49.5000 94.5000
v 100.0000 -49.5000 97.5000
v -100.0000 -49.5000 97.5000
f 889 890 891
v 100.0000 -49.5000 94.5000
v -100.0000 -49.5000 97.5000
v -100.0000 -49.5000 94.5000
f 892 893 894
v -100.0000 -49.5000 94.5000
v -100.0000 -49.5000 97.5000
v -100.0000 -52.5000 97.5000
f 895 896 897
v -100.0000 -49.5000 94.5000
v -100.0000 -52.5000 97.5000
v -100.0000 -52.5000 94.5000
f 898 899 900
v -100.0000 49.5000 94.5000
v 100.0000 49.5000 94.5000
v 100.0000 52.5000 94.5000
f 901 902 903
v -100.0000 49.5000 94.5000
v 100.0000 52.5000 94.5000
v -100.0000 52.5000 94.5000
f 904 905 906
v -100.0000 49.5000 97.5000
v -100.0000 52.5000 97.5000
v 100.0000 52.5000 97.5000
f 907 908 909
v -100.0000 49.5000 97.5000
v 100.0000 52.5000 97.5000
v 100.0000 49.5000 97.5000
f 910 911 912
v -100.0000 49.5000 94.5000
v -100.0000 49.5000 97.5000
v 100.0000 49.5000 97.5000
f 913 914 915
v -100.0000 49.5000 94.5000
v 100.0000 49.5000 97.5000
v 100.0000 49.5000 94.5000
f 916 917 918
v 100.0000 49.5000 94.5000
v 100.0000 49.5000 97.5000
v 100.0000 52.5000 97.5000
f 919 920 921
v 100.0000 49.5000 94.5000
v 100.0000 52.5000 97.5000
v 100.0000 52.5000 94.5000
f 922 923 924
v 100.0000 52.5000 94.5000
v 100.0000 52.5000 97.5000
v -100.0000 52.5000 97.5000
f 925 926 927
v 100.0000 52.5000 94.5000
v -100.0000 52.5000 97.5000
v -100.0000 52.5000 94.5000
f 928 929 930
v -100.0000 52.5000 94.5000
v -100.0000 52.5000 97.5000
v -100.0000 49.5000 97.5000
f 931 932 933
v -100.0000 52.5000 94.5000
v -100.0000 49.5000 97.5000
v -100.0000 49.5000 94.5000
f 934 935 936
v -100.0000 -58.5000 36.5000
v 100.0000 -58.5000 36.5000
v 100.0000 -55.5000 36.5000
f 937 938 939
v -100.0000 -58.5000 36.5000
v 100.0000 -55.5000 36.5000
v -100.0000 -55.5000 36.5000
f 940 941 942
v -100.0000 -58.5000 39.5000
v -100.0000 -55.5000 39.5000
v 100.0000 -55.5000 39.5000
f 943 944 945
v -100.0000 -58.5000 39.5000
v 100.0000 -55.5000 39.5000
v 100.0000 -58.5000 39.5000
f 946 947 948
v -100.0000 -58.5000 36.5000
v -100.0000 -58.5000 39.5000
v 100.0000 -58.5000 39.5000
f 949 950 951
v -100.0000 -58.5000 36.5000
v 100.0000 -58.5000 39.5000
v 100.0000 -58.5000 36.5000
f 952 953 954
v 100.0000 -58.5000 36.5000
v 100.0000 -58.5000 39.5000
v 100.0000 -55.5000 39.5000
f 955 956 957
v 100.0000 -58.5000 36.5000
v 100.0000 -55.5000 39.5000
v 100.0000 -55.5000 36.5000
f 958 959 960
v 100.0000 -55.5000 36.5000
v 100.0000 -55.5000 39.5000
v -100.0000 -55.5000 39.5000
f 961 962 963
v 100.0000 -55.5000 36.5000
v -100.0000 -55.5000 39.5000
v -100.0000 -55.5000 36.5000
f 964 965 966
v -100.0000 -55.5000 36.5000
v -100.0000 -55.5000 39.5000
v -100.0000 -58.5000 39.5000
f 967 968 969
v -100.0000 -55.5000 36.5000
v -100.0000 -58.5000 39.5000
v -100.0000 -58.5000 36.5000
f 970 971 972
v -100.0000 55.5000 36.5000
v 100.0000 55.5000 36.5000
v 100.0000 58.5000 36.5000
f 973 974 975
v -100.0000 55.5000 36.5000
v 100.0000 58.5000 36.5000
v -100.0000 58.5000 36.5000
f 976 977 978
v -100.0000 55.5000 39.5000
v -100.0000 58.5000 39.5000
v 100.0000 58.5000 39.5000
f 979 980 981
v -100.0000 55.5000 39.5000
v 100.0000 58.5000 39.5000
v 100.0000 55.5000 39.5000
f 982 983 984
v -100.0000 55.5000 36.5000
v -100.0000 55.5000 39.5000
v 100.0000 55.5000 39.5000
f 985 986 987
v -100.0000 55.5000 36.5000
v 100.0000 55.5000 39.5000
v 100.0000 55.5000 36.5000
f 988 989 990
v 100.0000 55.5000 36.5000
v 100.0000 55.5000 39.5000
v 100.0000 58.5000 39.5000
f 991 992 993
v 100.0000 55.5000 36.5000
v 100.0000 58.5000 39.5000
v 100.0000 58.5000 36.5000
f 994 995 996
v 100.0000 58.5000 36.5000
v 100.0000 58.5000 39.5000
v -100.0000 58.5000 39.5000
f 997 998 999
v 100.0000 58.5000 36.5000
v -100.0000 58.5000 39.5000
v -100.0000 58.5000 36.5000
f 1000 1001 1002
v -100.0000 58.5000 36.5000
v -100.0000 58.5000 39.5000
v -100.0000 55.5000 39.5000
f 1003 1004 1005
v -100.0000 58.5000 36.5000
v -100.0000 55.5000 39.5000
v -100.0000 55.5000 36.5000
f 1006 1007 1008
o 02_guideway
usemtl mat_555b60
v -100.0000 -31.0000 2.0000
v 100.0000 -31.0000 2.0000
v 100.0000 -23.0000 2.0000
f 1009 1010 1011
v -100.0000 -31.0000 2.0000
v 100.0000 -23.0000 2.0000
v -100.0000 -23.0000 2.0000
f 1012 1013 1014
v -100.0000 -31.0000 10.0000
v -100.0000 -23.0000 10.0000
v 100.0000 -23.0000 10.0000
f 1015 1016 1017
v -100.0000 -31.0000 10.0000
v 100.0000 -23.0000 10.0000
v 100.0000 -31.0000 10.0000
f 1018 1019 1020
v -100.0000 -31.0000 2.0000
v -100.0000 -31.0000 10.0000
v 100.0000 -31.0000 10.0000
f 1021 1022 1023
v -100.0000 -31.0000 2.0000
v 100.0000 -31.0000 10.0000
v 100.0000 -31.0000 2.0000
f 1024 1025 1026
v 100.0000 -31.0000 2.0000
v 100.0000 -31.0000 10.0000
v 100.0000 -23.0000 10.0000
f 1027 1028 1029
v 100.0000 -31.0000 2.0000
v 100.0000 -23.0000 10.0000
v 100.0000 -23.0000 2.0000
f 1030 1031 1032
v 100.0000 -23.0000 2.0000
v 100.0000 -23.0000 10.0000
v -100.0000 -23.0000 10.0000
f 1033 1034 1035
v 100.0000 -23.0000 2.0000
v -100.0000 -23.0000 10.0000
v -100.0000 -23.0000 2.0000
f 1036 1037 1038
v -100.0000 -23.0000 2.0000
v -100.0000 -23.0000 10.0000
v -100.0000 -31.0000 10.0000
f 1039 1040 1041
v -100.0000 -23.0000 2.0000
v -100.0000 -31.0000 10.0000
v -100.0000 -31.0000 2.0000
f 1042 1043 1044
v -100.0000 23.0000 2.0000
v 100.0000 23.0000 2.0000
v 100.0000 31.0000 2.0000
f 1045 1046 1047
v -100.0000 23.0000 2.0000
v 100.0000 31.0000 2.0000
v -100.0000 31.0000 2.0000
f 1048 1049 1050
v -100.0000 23.0000 10.0000
v -100.0000 31.0000 10.0000
v 100.0000 31.0000 10.0000
f 1051 1052 1053
v -100.0000 23.0000 10.0000
v 100.0000 31.0000 10.0000
v 100.0000 23.0000 10.0000
f 1054 1055 1056
v -100.0000 23.0000 2.0000
v -100.0000 23.0000 10.0000
v 100.0000 23.0000 10.0000
f 1057 1058 1059
v -100.0000 23.0000 2.0000
v 100.0000 23.0000 10.0000
v 100.0000 23.0000 2.0000
f 1060 1061 1062
v 100.0000 23.0000 2.0000
v 100.0000 23.0000 10.0000
v 100.0000 31.0000 10.0000
f 1063 1064 1065
v 100.0000 23.0000 2.0000
v 100.0000 31.0000 10.0000
v 100.0000 31.0000 2.0000
f 1066 1067 1068
v 100.0000 31.0000 2.0000
v 100.0000 31.0000 10.0000
v -100.0000 31.0000 10.0000
f 1069 1070 1071
v 100.0000 31.0000 2.0000
v -100.0000 31.0000 10.0000
v -100.0000 31.0000 2.0000
f 1072 1073 1074
v -100.0000 31.0000 2.0000
v -100.0000 31.0000 10.0000
v -100.0000 23.0000 10.0000
f 1075 1076 1077
v -100.0000 31.0000 2.0000
v -100.0000 23.0000 10.0000
v -100.0000 23.0000 2.0000
f 1078 1079 1080
o 03_propulsion_zone
usemtl mat_ef8c32
v -100.0000 -6.0000 3.0000
v 100.0000 -6.0000 3.0000
v 100.0000 6.0000 3.0000
f 1081 1082 1083
v -100.0000 -6.0000 3.0000
v 100.0000 6.0000 3.0000
v -100.0000 6.0000 3.0000
f 1084 1085 1086
v -100.0000 -6.0000 7.0000
v -100.0000 6.0000 7.0000
v 100.0000 6.0000 7.0000
f 1087 1088 1089
v -100.0000 -6.0000 7.0000
v 100.0000 6.0000 7.0000
v 100.0000 -6.0000 7.0000
f 1090 1091 1092
v -100.0000 -6.0000 3.0000
v -100.0000 -6.0000 7.0000
v 100.0000 -6.0000 7.0000
f 1093 1094 1095
v -100.0000 -6.0000 3.0000
v 100.0000 -6.0000 7.0000
v 100.0000 -6.0000 3.0000
f 1096 1097 1098
v 100.0000 -6.0000 3.0000
v 100.0000 -6.0000 7.0000
v 100.0000 6.0000 7.0000
f 1099 1100 1101
v 100.0000 -6.0000 3.0000
v 100.0000 6.0000 7.0000
v 100.0000 6.0000 3.0000
f 1102 1103 1104
v 100.0000 6.0000 3.0000
v 100.0000 6.0000 7.0000
v -100.0000 6.0000 7.0000
f 1105 1106 1107
v 100.0000 6.0000 3.0000
v -100.0000 6.0000 7.0000
v -100.0000 6.0000 3.0000
f 1108 1109 1110
v -100.0000 6.0000 3.0000
v -100.0000 6.0000 7.0000
v -100.0000 -6.0000 7.0000
f 1111 1112 1113
v -100.0000 6.0000 3.0000
v -100.0000 -6.0000 7.0000
v -100.0000 -6.0000 3.0000
f 1114 1115 1116
o 04_levitation_zones
usemtl mat_4d9b8c
v -80.0000 -23.0000 9.5000
v 80.0000 -23.0000 9.5000
v 80.0000 -15.0000 9.5000
f 1117 1118 1119
v -80.0000 -23.0000 9.5000
v 80.0000 -15.0000 9.5000
v -80.0000 -15.0000 9.5000
f 1120 1121 1122
v -80.0000 -23.0000 12.5000
v -80.0000 -15.0000 12.5000
v 80.0000 -15.0000 12.5000
f 1123 1124 1125
v -80.0000 -23.0000 12.5000
v 80.0000 -15.0000 12.5000
v 80.0000 -23.0000 12.5000
f 1126 1127 1128
v -80.0000 -23.0000 9.5000
v -80.0000 -23.0000 12.5000
v 80.0000 -23.0000 12.5000
f 1129 1130 1131
v -80.0000 -23.0000 9.5000
v 80.0000 -23.0000 12.5000
v 80.0000 -23.0000 9.5000
f 1132 1133 1134
v 80.0000 -23.0000 9.5000
v 80.0000 -23.0000 12.5000
v 80.0000 -15.0000 12.5000
f 1135 1136 1137
v 80.0000 -23.0000 9.5000
v 80.0000 -15.0000 12.5000
v 80.0000 -15.0000 9.5000
f 1138 1139 1140
v 80.0000 -15.0000 9.5000
v 80.0000 -15.0000 12.5000
v -80.0000 -15.0000 12.5000
f 1141 1142 1143
v 80.0000 -15.0000 9.5000
v -80.0000 -15.0000 12.5000
v -80.0000 -15.0000 9.5000
f 1144 1145 1146
v -80.0000 -15.0000 9.5000
v -80.0000 -15.0000 12.5000
v -80.0000 -23.0000 12.5000
f 1147 1148 1149
v -80.0000 -15.0000 9.5000
v -80.0000 -23.0000 12.5000
v -80.0000 -23.0000 9.5000
f 1150 1151 1152
v -80.0000 15.0000 9.5000
v 80.0000 15.0000 9.5000
v 80.0000 23.0000 9.5000
f 1153 1154 1155
v -80.0000 15.0000 9.5000
v 80.0000 23.0000 9.5000
v -80.0000 23.0000 9.5000
f 1156 1157 1158
v -80.0000 15.0000 12.5000
v -80.0000 23.0000 12.5000
v 80.0000 23.0000 12.5000
f 1159 1160 1161
v -80.0000 15.0000 12.5000
v 80.0000 23.0000 12.5000
v 80.0000 15.0000 12.5000
f 1162 1163 1164
v -80.0000 15.0000 9.5000
v -80.0000 15.0000 12.5000
v 80.0000 15.0000 12.5000
f 1165 1166 1167
v -80.0000 15.0000 9.5000
v 80.0000 15.0000 12.5000
v 80.0000 15.0000 9.5000
f 1168 1169 1170
v 80.0000 15.0000 9.5000
v 80.0000 15.0000 12.5000
v 80.0000 23.0000 12.5000
f 1171 1172 1173
v 80.0000 15.0000 9.5000
v 80.0000 23.0000 12.5000
v 80.0000 23.0000 9.5000
f 1174 1175 1176
v 80.0000 23.0000 9.5000
v 80.0000 23.0000 12.5000
v -80.0000 23.0000 12.5000
f 1177 1178 1179
v 80.0000 23.0000 9.5000
v -80.0000 23.0000 12.5000
v -80.0000 23.0000 9.5000
f 1180 1181 1182
v -80.0000 23.0000 9.5000
v -80.0000 23.0000 12.5000
v -80.0000 15.0000 12.5000
f 1183 1184 1185
v -80.0000 23.0000 9.5000
v -80.0000 15.0000 12.5000
v -80.0000 15.0000 9.5000
f 1186 1187 1188
o 05_pod_shell
usemtl mat_e9e5df
v -80.0000 9.0000 35.0000
v -80.0000 8.7744 37.6703
v -68.0000 19.4986 44.0067
f 1189 1190 1191
v -80.0000 9.0000 35.0000
v -68.0000 19.4986 44.0067
v -68.0000 20.0000 39.0000
f 1192 1193 1194
v -80.0000 8.7744 37.6703
v -80.0000 8.1087 40.2066
v -68.0000 18.0194 48.7624
f 1195 1196 1197
v -80.0000 8.7744 37.6703
v -68.0000 18.0194 48.7624
v -68.0000 19.4986 44.0067
f 1198 1199 1200
v -80.0000 8.1087 40.2066
v -80.0000 7.0365 42.4819
v -68.0000 15.6366 53.0285
f 1201 1202 1203
v -80.0000 8.1087 40.2066
v -68.0000 15.6366 53.0285
v -68.0000 18.0194 48.7624
f 1204 1205 1206
v -80.0000 7.0365 42.4819
v -80.0000 5.6114 44.3820
v -68.0000 12.4698 56.5912
f 1207 1208 1209
v -80.0000 7.0365 42.4819
v -68.0000 12.4698 56.5912
v -68.0000 15.6366 53.0285
f 1210 1211 1212
v -80.0000 5.6114 44.3820
v -80.0000 3.9050 45.8116
v -68.0000 8.6777 59.2718
f 1213 1214 1215
v -80.0000 5.6114 44.3820
v -68.0000 8.6777 59.2718
v -68.0000 12.4698 56.5912
f 1216 1217 1218
v -80.0000 3.9050 45.8116
v -80.0000 2.0027 46.6991
v -68.0000 4.4504 60.9359
f 1219 1220 1221
v -80.0000 3.9050 45.8116
v -68.0000 4.4504 60.9359
v -68.0000 8.6777 59.2718
f 1222 1223 1224
v -80.0000 2.0027 46.6991
v -80.0000 0.0000 47.0000
v -68.0000 0.0000 61.5000
f 1225 1226 1227
v -80.0000 2.0027 46.6991
v -68.0000 0.0000 61.5000
v -68.0000 4.4504 60.9359
f 1228 1229 1230
v -80.0000 0.0000 47.0000
v -80.0000 -2.0027 46.6991
v -68.0000 -4.4504 60.9359
f 1231 1232 1233
v -80.0000 0.0000 47.0000
v -68.0000 -4.4504 60.9359
v -68.0000 0.0000 61.5000
f 1234 1235 1236
v -80.0000 -2.0027 46.6991
v -80.0000 -3.9050 45.8116
v -68.0000 -8.6777 59.2718
f 1237 1238 1239
v -80.0000 -2.0027 46.6991
v -68.0000 -8.6777 59.2718
v -68.0000 -4.4504 60.9359
f 1240 1241 1242
v -80.0000 -3.9050 45.8116
v -80.0000 -5.6114 44.3820
v -68.0000 -12.4698 56.5912
f 1243 1244 1245
v -80.0000 -3.9050 45.8116
v -68.0000 -12.4698 56.5912
v -68.0000 -8.6777 59.2718
f 1246 1247 1248
v -80.0000 -5.6114 44.3820
v -80.0000 -7.0365 42.4819
v -68.0000 -15.6366 53.0285
f 1249 1250 1251
v -80.0000 -5.6114 44.3820
v -68.0000 -15.6366 53.0285
v -68.0000 -12.4698 56.5912
f 1252 1253 1254
v -80.0000 -7.0365 42.4819
v -80.0000 -8.1087 40.2066
v -68.0000 -18.0194 48.7624
f 1255 1256 1257
v -80.0000 -7.0365 42.4819
v -68.0000 -18.0194 48.7624
v -68.0000 -15.6366 53.0285
f 1258 1259 1260
v -80.0000 -8.1087 40.2066
v -80.0000 -8.7744 37.6703
v -68.0000 -19.4986 44.0067
f 1261 1262 1263
v -80.0000 -8.1087 40.2066
v -68.0000 -19.4986 44.0067
v -68.0000 -18.0194 48.7624
f 1264 1265 1266
v -80.0000 -8.7744 37.6703
v -80.0000 -9.0000 35.0000
v -68.0000 -20.0000 39.0000
f 1267 1268 1269
v -80.0000 -8.7744 37.6703
v -68.0000 -20.0000 39.0000
v -68.0000 -19.4986 44.0067
f 1270 1271 1272
v -80.0000 -9.0000 35.0000
v -80.0000 -8.7744 32.3297
v -68.0000 -19.4986 33.9933
f 1273 1274 1275
v -80.0000 -9.0000 35.0000
v -68.0000 -19.4986 33.9933
v -68.0000 -20.0000 39.0000
f 1276 1277 1278
v -80.0000 -8.7744 32.3297
v -80.0000 -8.1087 29.7934
v -68.0000 -18.0194 29.2376
f 1279 1280 1281
v -80.0000 -8.7744 32.3297
v -68.0000 -18.0194 29.2376
v -68.0000 -19.4986 33.9933
f 1282 1283 1284
v -80.0000 -8.1087 29.7934
v -80.0000 -7.0365 27.5181
v -68.0000 -15.6366 24.9715
f 1285 1286 1287
v -80.0000 -8.1087 29.7934
v -68.0000 -15.6366 24.9715
v -68.0000 -18.0194 29.2376
f 1288 1289 1290
v -80.0000 -7.0365 27.5181
v -80.0000 -5.6114 25.6180
v -68.0000 -12.4698 21.4088
f 1291 1292 1293
v -80.0000 -7.0365 27.5181
v -68.0000 -12.4698 21.4088
v -68.0000 -15.6366 24.9715
f 1294 1295 1296
v -80.0000 -5.6114 25.6180
v -80.0000 -3.9050 24.1884
v -68.0000 -8.6777 18.7282
f 1297 1298 1299
v -80.0000 -5.6114 25.6180
v -68.0000 -8.6777 18.7282
v -68.0000 -12.4698 21.4088
f 1300 1301 1302
v -80.0000 -3.9050 24.1884
v -80.0000 -2.0027 23.3009
v -68.0000 -4.4504 17.0641
f 1303 1304 1305
v -80.0000 -3.9050 24.1884
v -68.0000 -4.4504 17.0641
v -68.0000 -8.6777 18.7282
f 1306 1307 1308
v -80.0000 -2.0027 23.3009
v -80.0000 -0.0000 23.0000
v -68.0000 -0.0000 16.5000
f 1309 1310 1311
v -80.0000 -2.0027 23.3009
v -68.0000 -0.0000 16.5000
v -68.0000 -4.4504 17.0641
f 1312 1313 1314
v -80.0000 -0.0000 23.0000
v -80.0000 2.0027 23.3009
v -68.0000 4.4504 17.0641
f 1315 1316 1317
v -80.0000 -0.0000 23.0000
v -68.0000 4.4504 17.0641
v -68.0000 -0.0000 16.5000
f 1318 1319 1320
v -80.0000 2.0027 23.3009
v -80.0000 3.9050 24.1884
v -68.0000 8.6777 18.7282
f 1321 1322 1323
v -80.0000 2.0027 23.3009
v -68.0000 8.6777 18.7282
v -68.0000 4.4504 17.0641
f 1324 1325 1326
v -80.0000 3.9050 24.1884
v -80.0000 5.6114 25.6180
v -68.0000 12.4698 21.4088
f 1327 1328 1329
v -80.0000 3.9050 24.1884
v -68.0000 12.4698 21.4088
v -68.0000 8.6777 18.7282
f 1330 1331 1332
v -80.0000 5.6114 25.6180
v -80.0000 7.0365 27.5181
v -68.0000 15.6366 24.9715
f 1333 1334 1335
v -80.0000 5.6114 25.6180
v -68.0000 15.6366 24.9715
v -68.0000 12.4698 21.4088
f 1336 1337 1338
v -80.0000 7.0365 27.5181
v -80.0000 8.1087 29.7934
v -68.0000 18.0194 29.2376
f 1339 1340 1341
v -80.0000 7.0365 27.5181
v -68.0000 18.0194 29.2376
v -68.0000 15.6366 24.9715
f 1342 1343 1344
v -80.0000 8.1087 29.7934
v -80.0000 8.7744 32.3297
v -68.0000 19.4986 33.9933
f 1345 1346 1347
v -80.0000 8.1087 29.7934
v -68.0000 19.4986 33.9933
v -68.0000 18.0194 29.2376
f 1348 1349 1350
v -80.0000 8.7744 32.3297
v -80.0000 9.0000 35.0000
v -68.0000 20.0000 39.0000
f 1351 1352 1353
v -80.0000 8.7744 32.3297
v -68.0000 20.0000 39.0000
v -68.0000 19.4986 33.9933
f 1354 1355 1356
v -68.0000 20.0000 39.0000
v -68.0000 19.4986 44.0067
v -48.0000 26.8105 47.3418
f 1357 1358 1359
v -68.0000 20.0000 39.0000
v -48.0000 26.8105 47.3418
v -48.0000 27.5000 41.0000
f 1360 1361 1362
v -68.0000 19.4986 44.0067
v -68.0000 18.0194 48.7624
v -48.0000 24.7766 53.3657
f 1363 1364 1365
v -68.0000 19.4986 44.0067
v -48.0000 24.7766 53.3657
v -48.0000 26.8105 47.3418
f 1366 1367 1368
v -68.0000 18.0194 48.7624
v -68.0000 15.6366 53.0285
v -48.0000 21.5004 58.7695
f 1369 1370 1371
v -68.0000 18.0194 48.7624
v -48.0000 21.5004 58.7695
v -48.0000 24.7766 53.3657
f 1372 1373 1374
v -68.0000 15.6366 53.0285
v -68.0000 12.4698 56.5912
v -48.0000 17.1460 63.2822
f 1375 1376 1377
v -68.0000 15.6366 53.0285
v -48.0000 17.1460 63.2822
v -48.0000 21.5004 58.7695
f 1378 1379 1380
v -68.0000 12.4698 56.5912
v -68.0000 8.6777 59.2718
v -48.0000 11.9318 66.6776
f 1381 1382 1383
v -68.0000 12.4698 56.5912
v -48.0000 11.9318 66.6776
v -48.0000 17.1460 63.2822
f 1384 1385 1386
v -68.0000 8.6777 59.2718
v -68.0000 4.4504 60.9359
v -48.0000 6.1193 68.7854
f 1387 1388 1389
v -68.0000 8.6777 59.2718
v -48.0000 6.1193 68.7854
v -48.0000 11.9318 66.6776
f 1390 1391 1392
v -68.0000 4.4504 60.9359
v -68.0000 0.0000 61.5000
v -48.0000 0.0000 69.5000
f 1393 1394 1395
v -68.0000 4.4504 60.9359
v -48.0000 0.0000 69.5000
v -48.0000 6.1193 68.7854
f 1396 1397 1398
v -68.0000 0.0000 61.5000
v -68.0000 -4.4504 60.9359
v -48.0000 -6.1193 68.7854
f 1399 1400 1401
v -68.0000 0.0000 61.5000
v -48.0000 -6.1193 68.7854
v -48.0000 0.0000 69.5000
f 1402 1403 1404
v -68.0000 -4.4504 60.9359
v -68.0000 -8.6777 59.2718
v -48.0000 -11.9318 66.6776
f 1405 1406 1407
v -68.0000 -4.4504 60.9359
v -48.0000 -11.9318 66.6776
v -48.0000 -6.1193 68.7854
f 1408 1409 1410
v -68.0000 -8.6777 59.2718
v -68.0000 -12.4698 56.5912
v -48.0000 -17.1460 63.2822
f 1411 1412 1413
v -68.0000 -8.6777 59.2718
v -48.0000 -17.1460 63.2822
v -48.0000 -11.9318 66.6776
f 1414 1415 1416
v -68.0000 -12.4698 56.5912
v -68.0000 -15.6366 53.0285
v -48.0000 -21.5004 58.7695
f 1417 1418 1419
v -68.0000 -12.4698 56.5912
v -48.0000 -21.5004 58.7695
v -48.0000 -17.1460 63.2822
f 1420 1421 1422
v -68.0000 -15.6366 53.0285
v -68.0000 -18.0194 48.7624
v -48.0000 -24.7766 53.3657
f 1423 1424 1425
v -68.0000 -15.6366 53.0285
v -48.0000 -24.7766 53.3657
v -48.0000 -21.5004 58.7695
f 1426 1427 1428
v -68.0000 -18.0194 48.7624
v -68.0000 -19.4986 44.0067
v -48.0000 -26.8105 47.3418
f 1429 1430 1431
v -68.0000 -18.0194 48.7624
v -48.0000 -26.8105 47.3418
v -48.0000 -24.7766 53.3657
f 1432 1433 1434
v -68.0000 -19.4986 44.0067
v -68.0000 -20.0000 39.0000
v -48.0000 -27.5000 41.0000
f 1435 1436 1437
v -68.0000 -19.4986 44.0067
v -48.0000 -27.5000 41.0000
v -48.0000 -26.8105 47.3418
f 1438 1439 1440
v -68.0000 -20.0000 39.0000
v -68.0000 -19.4986 33.9933
v -48.0000 -26.8105 34.6582
f 1441 1442 1443
v -68.0000 -20.0000 39.0000
v -48.0000 -26.8105 34.6582
v -48.0000 -27.5000 41.0000
f 1444 1445 1446
v -68.0000 -19.4986 33.9933
v -68.0000 -18.0194 29.2376
v -48.0000 -24.7766 28.6343
f 1447 1448 1449
v -68.0000 -19.4986 33.9933
v -48.0000 -24.7766 28.6343
v -48.0000 -26.8105 34.6582
f 1450 1451 1452
v -68.0000 -18.0194 29.2376
v -68.0000 -15.6366 24.9715
v -48.0000 -21.5004 23.2305
f 1453 1454 1455
v -68.0000 -18.0194 29.2376
v -48.0000 -21.5004 23.2305
v -48.0000 -24.7766 28.6343
f 1456 1457 1458
v -68.0000 -15.6366 24.9715
v -68.0000 -12.4698 21.4088
v -48.0000 -17.1460 18.7178
f 1459 1460 1461
v -68.0000 -15.6366 24.9715
v -48.0000 -17.1460 18.7178
v -48.0000 -21.5004 23.2305
f 1462 1463 1464
v -68.0000 -12.4698 21.4088
v -68.0000 -8.6777 18.7282
v -48.0000 -11.9318 15.3224
f 1465 1466 1467
v -68.0000 -12.4698 21.4088
v -48.0000 -11.9318 15.3224
v -48.0000 -17.1460 18.7178
f 1468 1469 1470
v -68.0000 -8.6777 18.7282
v -68.0000 -4.4504 17.0641
v -48.0000 -6.1193 13.2146
f 1471 1472 1473
v -68.0000 -8.6777 18.7282
v -48.0000 -6.1193 13.2146
v -48.0000 -11.9318 15.3224
f 1474 1475 1476
v -68.0000 -4.4504 17.0641
v -68.0000 -0.0000 16.5000
v -48.0000 -0.0000 12.5000
f 1477 1478 1479
v -68.0000 -4.4504 17.0641
v -48.0000 -0.0000 12.5000
v -48.0000 -6.1193 13.2146
f 1480 1481 1482
v -68.0000 -0.0000 16.5000
v -68.0000 4.4504 17.0641
v -48.0000 6.1193 13.2146
f 1483 1484 1485
v -68.0000 -0.0000 16.5000
v -48.0000 6.1193 13.2146
v -48.0000 -0.0000 12.5000
f 1486 1487 1488
v -68.0000 4.4504 17.0641
v -68.0000 8.6777 18.7282
v -48.0000 11.9318 15.3224
f 1489 1490 1491
v -68.0000 4.4504 17.0641
v -48.0000 11.9318 15.3224
v -48.0000 6.1193 13.2146
f 1492 1493 1494
v -68.0000 8.6777 18.7282
v -68.0000 12.4698 21.4088
v -48.0000 17.1460 18.7178
f 1495 1496 1497
v -68.0000 8.6777 18.7282
v -48.0000 17.1460 18.7178
v -48.0000 11.9318 15.3224
f 1498 1499 1500
v -68.0000 12.4698 21.4088
v -68.0000 15.6366 24.9715
v -48.0000 21.5004 23.2305
f 1501 1502 1503
v -68.0000 12.4698 21.4088
v -48.0000 21.5004 23.2305
v -48.0000 17.1460 18.7178
f 1504 1505 1506
v -68.0000 15.6366 24.9715
v -68.0000 18.0194 29.2376
v -48.0000 24.7766 28.6343
f 1507 1508 1509
v -68.0000 15.6366 24.9715
v -48.0000 24.7766 28.6343
v -48.0000 21.5004 23.2305
f 1510 1511 1512
v -68.0000 18.0194 29.2376
v -68.0000 19.4986 33.9933
v -48.0000 26.8105 34.6582
f 1513 1514 1515
v -68.0000 18.0194 29.2376
v -48.0000 26.8105 34.6582
v -48.0000 24.7766 28.6343
f 1516 1517 1518
v -68.0000 19.4986 33.9933
v -68.0000 20.0000 39.0000
v -48.0000 27.5000 41.0000
f 1519 1520 1521
v -68.0000 19.4986 33.9933
v -48.0000 27.5000 41.0000
v -48.0000 26.8105 34.6582
f 1522 1523 1524
v -48.0000 27.5000 41.0000
v -48.0000 26.8105 47.3418
v -18.0000 29.2478 48.8981
f 1525 1526 1527
v -48.0000 27.5000 41.0000
v -18.0000 29.2478 48.8981
v -18.0000 30.0000 42.0000
f 1528 1529 1530
v -48.0000 26.8105 47.3418
v -48.0000 24.7766 53.3657
v -18.0000 27.0291 55.4504
f 1531 1532 1533
v -48.0000 26.8105 47.3418
v -18.0000 27.0291 55.4504
v -18.0000 29.2478 48.8981
f 1534 1535 1536
v -48.0000 24.7766 53.3657
v -48.0000 21.5004 58.7695
v -18.0000 23.4549 61.3282
f 1537 1538 1539
v -48.0000 24.7766 53.3657
v -18.0000 23.4549 61.3282
v -18.0000 27.0291 55.4504
f 1540 1541 1542
v -48.0000 21.5004 58.7695
v -48.0000 17.1460 63.2822
v -18.0000 18.7047 66.2368
f 1543 1544 1545
v -48.0000 21.5004 58.7695
v -18.0000 18.7047 66.2368
v -18.0000 23.4549 61.3282
f 1546 1547 1548
v -48.0000 17.1460 63.2822
v -48.0000 11.9318 66.6776
v -18.0000 13.0165 69.9300
f 1549 1550 1551
v -48.0000 17.1460 63.2822
v -18.0000 13.0165 69.9300
v -18.0000 18.7047 66.2368
f 1552 1553 1554
v -48.0000 11.9318 66.6776
v -48.0000 6.1193 68.7854
v -18.0000 6.6756 72.2228
f 1555 1556 1557
v -48.0000 11.9318 66.6776
v -18.0000 6.6756 72.2228
v -18.0000 13.0165 69.9300
f 1558 1559 1560
v -48.0000 6.1193 68.7854
v -48.0000 0.0000 69.5000
v -18.0000 0.0000 73.0000
f 1561 1562 1563
v -48.0000 6.1193 68.7854
v -18.0000 0.0000 73.0000
v -18.0000 6.6756 72.2228
f 1564 1565 1566
v -48.0000 0.0000 69.5000
v -48.0000 -6.1193 68.7854
v -18.0000 -6.6756 72.2228
f 1567 1568 1569
v -48.0000 0.0000 69.5000
v -18.0000 -6.6756 72.2228
v -18.0000 0.0000 73.0000
f 1570 1571 1572
v -48.0000 -6.1193 68.7854
v -48.0000 -11.9318 66.6776
v -18.0000 -13.0165 69.9300
f 1573 1574 1575
v -48.0000 -6.1193 68.7854
v -18.0000 -13.0165 69.9300
v -18.0000 -6.6756 72.2228
f 1576 1577 1578
v -48.0000 -11.9318 66.6776
v -48.0000 -17.1460 63.2822
v -18.0000 -18.7047 66.2368
f 1579 1580 1581
v -48.0000 -11.9318 66.6776
v -18.0000 -18.7047 66.2368
v -18.0000 -13.0165 69.9300
f 1582 1583 1584
v -48.0000 -17.1460 63.2822
v -48.0000 -21.5004 58.7695
v -18.0000 -23.4549 61.3282
f 1585 1586 1587
v -48.0000 -17.1460 63.2822
v -18.0000 -23.4549 61.3282
v -18.0000 -18.7047 66.2368
f 1588 1589 1590
v -48.0000 -21.5004 58.7695
v -48.0000 -24.7766 53.3657
v -18.0000 -27.0291 55.4504
f 1591 1592 1593
v -48.0000 -21.5004 58.7695
v -18.0000 -27.0291 55.4504
v -18.0000 -23.4549 61.3282
f 1594 1595 1596
v -48.0000 -24.7766 53.3657
v -48.0000 -26.8105 47.3418
v -18.0000 -29.2478 48.8981
f 1597 1598 1599
v -48.0000 -24.7766 53.3657
v -18.0000 -29.2478 48.8981
v -18.0000 -27.0291 55.4504
f 1600 1601 1602
v -48.0000 -26.8105 47.3418
v -48.0000 -27.5000 41.0000
v -18.0000 -30.0000 42.0000
f 1603 1604 1605
v -48.0000 -26.8105 47.3418
v -18.0000 -30.0000 42.0000
v -18.0000 -29.2478 48.8981
f 1606 1607 1608
v -48.0000 -27.5000 41.0000
v -48.0000 -26.8105 34.6582
v -18.0000 -29.2478 35.1019
f 1609 1610 1611
v -48.0000 -27.5000 41.0000
v -18.0000 -29.2478 35.1019
v -18.0000 -30.0000 42.0000
f 1612 1613 1614
v -48.0000 -26.8105 34.6582
v -48.0000 -24.7766 28.6343
v -18.0000 -27.0291 28.5496
f 1615 1616 1617
v -48.0000 -26.8105 34.6582
v -18.0000 -27.0291 28.5496
v -18.0000 -29.2478 35.1019
f 1618 1619 1620
v -48.0000 -24.7766 28.6343
v -48.0000 -21.5004 23.2305
v -18.0000 -23.4549 22.6718
f 1621 1622 1623
v -48.0000 -24.7766 28.6343
v -18.0000 -23.4549 22.6718
v -18.0000 -27.0291 28.5496
f 1624 1625 1626
v -48.0000 -21.5004 23.2305
v -48.0000 -17.1460 18.7178
v -18.0000 -18.7047 17.7632
f 1627 1628 1629
v -48.0000 -21.5004 23.2305
v -18.0000 -18.7047 17.7632
v -18.0000 -23.4549 22.6718
f 1630 1631 1632
v -48.0000 -17.1460 18.7178
v -48.0000 -11.9318 15.3224
v -18.0000 -13.0165 14.0700
f 1633 1634 1635
v -48.0000 -17.1460 18.7178
v -18.0000 -13.0165 14.0700
v -18.0000 -18.7047 17.7632
f 1636 1637 1638
v -48.0000 -11.9318 15.3224
v -48.0000 -6.1193 13.2146
v -18.0000 -6.6756 11.7772
f 1639 1640 1641
v -48.0000 -11.9318 15.3224
v -18.0000 -6.6756 11.7772
v -18.0000 -13.0165 14.0700
f 1642 1643 1644
v -48.0000 -6.1193 13.2146
v -48.0000 -0.0000 12.5000
v -18.0000 -0.0000 11.0000
f 1645 1646 1647
v -48.0000 -6.1193 13.2146
v -18.0000 -0.0000 11.0000
v -18.0000 -6.6756 11.7772
f 1648 1649 1650
v -48.0000 -0.0000 12.5000
v -48.0000 6.1193 13.2146
v -18.0000 6.6756 11.7772
f 1651 1652 1653
v -48.0000 -0.0000 12.5000
v -18.0000 6.6756 11.7772
v -18.0000 -0.0000 11.0000
f 1654 1655 1656
v -48.0000 6.1193 13.2146
v -48.0000 11.9318 15.3224
v -18.0000 13.0165 14.0700
f 1657 1658 1659
v -48.0000 6.1193 13.2146
v -18.0000 13.0165 14.0700
v -18.0000 6.6756 11.7772
f 1660 1661 1662
v -48.0000 11.9318 15.3224
v -48.0000 17.1460 18.7178
v -18.0000 18.7047 17.7632
f 1663 1664 1665
v -48.0000 11.9318 15.3224
v -18.0000 18.7047 17.7632
v -18.0000 13.0165 14.0700
f 1666 1667 1668
v -48.0000 17.1460 18.7178
v -48.0000 21.5004 23.2305
v -18.0000 23.4549 22.6718
f 1669 1670 1671
v -48.0000 17.1460 18.7178
v -18.0000 23.4549 22.6718
v -18.0000 18.7047 17.7632
f 1672 1673 1674
v -48.0000 21.5004 23.2305
v -48.0000 24.7766 28.6343
v -18.0000 27.0291 28.5496
f 1675 1676 1677
v -48.0000 21.5004 23.2305
v -18.0000 27.0291 28.5496
v -18.0000 23.4549 22.6718
f 1678 1679 1680
v -48.0000 24.7766 28.6343
v -48.0000 26.8105 34.6582
v -18.0000 29.2478 35.1019
f 1681 1682 1683
v -48.0000 24.7766 28.6343
v -18.0000 29.2478 35.1019
v -18.0000 27.0291 28.5496
f 1684 1685 1686
v -48.0000 26.8105 34.6582
v -48.0000 27.5000 41.0000
v -18.0000 30.0000 42.0000
f 1687 1688 1689
v -48.0000 26.8105 34.6582
v -18.0000 30.0000 42.0000
v -18.0000 29.2478 35.1019
f 1690 1691 1692
v -18.0000 30.0000 42.0000
v -18.0000 29.2478 48.8981
v 28.0000 29.2478 48.8981
f 1693 1694 1695
v -18.0000 30.0000 42.0000
v 28.0000 29.2478 48.8981
v 28.0000 30.0000 42.0000
f 1696 1697 1698
v -18.0000 29.2478 48.8981
v -18.0000 27.0291 55.4504
v 28.0000 27.0291 55.4504
f 1699 1700 1701
v -18.0000 29.2478 48.8981
v 28.0000 27.0291 55.4504
v 28.0000 29.2478 48.8981
f 1702 1703 1704
v -18.0000 27.0291 55.4504
v -18.0000 23.4549 61.3282
v 28.0000 23.4549 61.3282
f 1705 1706 1707
v -18.0000 27.0291 55.4504
v 28.0000 23.4549 61.3282
v 28.0000 27.0291 55.4504
f 1708 1709 1710
v -18.0000 23.4549 61.3282
v -18.0000 18.7047 66.2368
v 28.0000 18.7047 66.2368
f 1711 1712 1713
v -18.0000 23.4549 61.3282
v 28.0000 18.7047 66.2368
v 28.0000 23.4549 61.3282
f 1714 1715 1716
v -18.0000 18.7047 66.2368
v -18.0000 13.0165 69.9300
v 28.0000 13.0165 69.9300
f 1717 1718 1719
v -18.0000 18.7047 66.2368
v 28.0000 13.0165 69.9300
v 28.0000 18.7047 66.2368
f 1720 1721 1722
v -18.0000 13.0165 69.9300
v -18.0000 6.6756 72.2228
v 28.0000 6.6756 72.2228
f 1723 1724 1725
v -18.0000 13.0165 69.9300
v 28.0000 6.6756 72.2228
v 28.0000 13.0165 69.9300
f 1726 1727 1728
v -18.0000 6.6756 72.2228
v -18.0000 0.0000 73.0000
v 28.0000 0.0000 73.0000
f 1729 1730 1731
v -18.0000 6.6756 72.2228
v 28.0000 0.0000 73.0000
v 28.0000 6.6756 72.2228
f 1732 1733 1734
v -18.0000 0.0000 73.0000
v -18.0000 -6.6756 72.2228
v 28.0000 -6.6756 72.2228
f 1735 1736 1737
v -18.0000 0.0000 73.0000
v 28.0000 -6.6756 72.2228
v 28.0000 0.0000 73.0000
f 1738 1739 1740
v -18.0000 -6.6756 72.2228
v -18.0000 -13.0165 69.9300
v 28.0000 -13.0165 69.9300
f 1741 1742 1743
v -18.0000 -6.6756 72.2228
v 28.0000 -13.0165 69.9300
v 28.0000 -6.6756 72.2228
f 1744 1745 1746
v -18.0000 -13.0165 69.9300
v -18.0000 -18.7047 66.2368
v 28.0000 -18.7047 66.2368
f 1747 1748 1749
v -18.0000 -13.0165 69.9300
v 28.0000 -18.7047 66.2368
v 28.0000 -13.0165 69.9300
f 1750 1751 1752
v -18.0000 -18.7047 66.2368
v -18.0000 -23.4549 61.3282
v 28.0000 -23.4549 61.3282
f 1753 1754 1755
v -18.0000 -18.7047 66.2368
v 28.0000 -23.4549 61.3282
v 28.0000 -18.7047 66.2368
f 1756 1757 1758
v -18.0000 -23.4549 61.3282
v -18.0000 -27.0291 55.4504
v 28.0000 -27.0291 55.4504
f 1759 1760 1761
v -18.0000 -23.4549 61.3282
v 28.0000 -27.0291 55.4504
v 28.0000 -23.4549 61.3282
f 1762 1763 1764
v -18.0000 -27.0291 55.4504
v -18.0000 -29.2478 48.8981
v 28.0000 -29.2478 48.8981
f 1765 1766 1767
v -18.0000 -27.0291 55.4504
v 28.0000 -29.2478 48.8981
v 28.0000 -27.0291 55.4504
f 1768 1769 1770
v -18.0000 -29.2478 48.8981
v -18.0000 -30.0000 42.0000
v 28.0000 -30.0000 42.0000
f 1771 1772 1773
v -18.0000 -29.2478 48.8981
v 28.0000 -30.0000 42.0000
v 28.0000 -29.2478 48.8981
f 1774 1775 1776
v -18.0000 -30.0000 42.0000
v -18.0000 -29.2478 35.1019
v 28.0000 -29.2478 35.1019
f 1777 1778 1779
v -18.0000 -30.0000 42.0000
v 28.0000 -29.2478 35.1019
v 28.0000 -30.0000 42.0000
f 1780 1781 1782
v -18.0000 -29.2478 35.1019
v -18.0000 -27.0291 28.5496
v 28.0000 -27.0291 28.5496
f 1783 1784 1785
v -18.0000 -29.2478 35.1019
v 28.0000 -27.0291 28.5496
v 28.0000 -29.2478 35.1019
f 1786 1787 1788
v -18.0000 -27.0291 28.5496
v -18.0000 -23.4549 22.6718
v 28.0000 -23.4549 22.6718
f 1789 1790 1791
v -18.0000 -27.0291 28.5496
v 28.0000 -23.4549 22.6718
v 28.0000 -27.0291 28.5496
f 1792 1793 1794
v -18.0000 -23.4549 22.6718
v -18.0000 -18.7047 17.7632
v 28.0000 -18.7047 17.7632
f 1795 1796 1797
v -18.0000 -23.4549 22.6718
v 28.0000 -18.7047 17.7632
v 28.0000 -23.4549 22.6718
f 1798 1799 1800
v -18.0000 -18.7047 17.7632
v -18.0000 -13.0165 14.0700
v 28.0000 -13.0165 14.0700
f 1801 1802 1803
v -18.0000 -18.7047 17.7632
v 28.0000 -13.0165 14.0700
v 28.0000 -18.7047 17.7632
f 1804 1805 1806
v -18.0000 -13.0165 14.0700
v -18.0000 -6.6756 11.7772
v 28.0000 -6.6756 11.7772
f 1807 1808 1809
v -18.0000 -13.0165 14.0700
v 28.0000 -6.6756 11.7772
v 28.0000 -13.0165 14.0700
f 1810 1811 1812
v -18.0000 -6.6756 11.7772
v -18.0000 -0.0000 11.0000
v 28.0000 -0.0000 11.0000
f 1813 1814 1815
v -18.0000 -6.6756 11.7772
v 28.0000 -0.0000 11.0000
v 28.0000 -6.6756 11.7772
f 1816 1817 1818
v -18.0000 -0.0000 11.0000
v -18.0000 6.6756 11.7772
v 28.0000 6.6756 11.7772
f 1819 1820 1821
v -18.0000 -0.0000 11.0000
v 28.0000 6.6756 11.7772
v 28.0000 -0.0000 11.0000
f 1822 1823 1824
v -18.0000 6.6756 11.7772
v -18.0000 13.0165 14.0700
v 28.0000 13.0165 14.0700
f 1825 1826 1827
v -18.0000 6.6756 11.7772
v 28.0000 13.0165 14.0700
v 28.0000 6.6756 11.7772
f 1828 1829 1830
v -18.0000 13.0165 14.0700
v -18.0000 18.7047 17.7632
v 28.0000 18.7047 17.7632
f 1831 1832 1833
v -18.0000 13.0165 14.0700
v 28.0000 18.7047 17.7632
v 28.0000 13.0165 14.0700
f 1834 1835 1836
v -18.0000 18.7047 17.7632
v -18.0000 23.4549 22.6718
v 28.0000 23.4549 22.6718
f 1837 1838 1839
v -18.0000 18.7047 17.7632
v 28.0000 23.4549 22.6718
v 28.0000 18.7047 17.7632
f 1840 1841 1842
v -18.0000 23.4549 22.6718
v -18.0000 27.0291 28.5496
v 28.0000 27.0291 28.5496
f 1843 1844 1845
v -18.0000 23.4549 22.6718
v 28.0000 27.0291 28.5496
v 28.0000 23.4549 22.6718
f 1846 1847 1848
v -18.0000 27.0291 28.5496
v -18.0000 29.2478 35.1019
v 28.0000 29.2478 35.1019
f 1849 1850 1851
v -18.0000 27.0291 28.5496
v 28.0000 29.2478 35.1019
v 28.0000 27.0291 28.5496
f 1852 1853 1854
v -18.0000 29.2478 35.1019
v -18.0000 30.0000 42.0000
v 28.0000 30.0000 42.0000
f 1855 1856 1857
v -18.0000 29.2478 35.1019
v 28.0000 30.0000 42.0000
v 28.0000 29.2478 35.1019
f 1858 1859 1860
v 28.0000 30.0000 42.0000
v 28.0000 29.2478 48.8981
v 62.0000 28.7604 48.7869
f 1861 1862 1863
v 28.0000 30.0000 42.0000
v 62.0000 28.7604 48.7869
v 62.0000 29.5000 42.0000
f 1864 1865 1866
v 28.0000 29.2478 48.8981
v 28.0000 27.0291 55.4504
v 62.0000 26.5786 55.2335
f 1867 1868 1869
v 28.0000 29.2478 48.8981
v 62.0000 26.5786 55.2335
v 62.0000 28.7604 48.7869
f 1870 1871 1872
v 28.0000 27.0291 55.4504
v 28.0000 23.4549 61.3282
v 62.0000 23.0640 61.0164
f 1873 1874 1875
v 28.0000 27.0291 55.4504
v 62.0000 23.0640 61.0164
v 62.0000 26.5786 55.2335
f 1876 1877 1878
v 28.0000 23.4549 61.3282
v 28.0000 18.7047 66.2368
v 62.0000 18.3929 65.8459
f 1879 1880 1881
v 28.0000 23.4549 61.3282
v 62.0000 18.3929 65.8459
v 62.0000 23.0640 61.0164
f 1882 1883 1884
v 28.0000 18.7047 66.2368
v 28.0000 13.0165 69.9300
v 62.0000 12.7996 69.4796
f 1885 1886 1887
v 28.0000 18.7047 66.2368
v 62.0000 12.7996 69.4796
v 62.0000 18.3929 65.8459
f 1888 1889 1890
v 28.0000 13.0165 69.9300
v 28.0000 6.6756 72.2228
v 62.0000 6.5644 71.7353
f 1891 1892 1893
v 28.0000 13.0165 69.9300
v 62.0000 6.5644 71.7353
v 62.0000 12.7996 69.4796
f 1894 1895 1896
v 28.0000 6.6756 72.2228
v 28.0000 0.0000 73.0000
v 62.0000 0.0000 72.5000
f 1897 1898 1899
v 28.0000 6.6756 72.2228
v 62.0000 0.0000 72.5000
v 62.0000 6.5644 71.7353
f 1900 1901 1902
v 28.0000 0.0000 73.0000
v 28.0000 -6.6756 72.2228
v 62.0000 -6.5644 71.7353
f 1903 1904 1905
v 28.0000 0.0000 73.0000
v 62.0000 -6.5644 71.7353
v 62.0000 0.0000 72.5000
f 1906 1907 1908
v 28.0000 -6.6756 72.2228
v 28.0000 -13.0165 69.9300
v 62.0000 -12.7996 69.4796
f 1909 1910 1911
v 28.0000 -6.6756 72.2228
v 62.0000 -12.7996 69.4796
v 62.0000 -6.5644 71.7353
f 1912 1913 1914
v 28.0000 -13.0165 69.9300
v 28.0000 -18.7047 66.2368
v 62.0000 -18.3929 65.8459
f 1915 1916 1917
v 28.0000 -13.0165 69.9300
v 62.0000 -18.3929 65.8459
v 62.0000 -12.7996 69.4796
f 1918 1919 1920
v 28.0000 -18.7047 66.2368
v 28.0000 -23.4549 61.3282
v 62.0000 -23.0640 61.0164
f 1921 1922 1923
v 28.0000 -18.7047 66.2368
v 62.0000 -23.0640 61.0164
v 62.0000 -18.3929 65.8459
f 1924 1925 1926
v 28.0000 -23.4549 61.3282
v 28.0000 -27.0291 55.4504
v 62.0000 -26.5786 55.2335
f 1927 1928 1929
v 28.0000 -23.4549 61.3282
v 62.0000 -26.5786 55.2335
v 62.0000 -23.0640 61.0164
f 1930 1931 1932
v 28.0000 -27.0291 55.4504
v 28.0000 -29.2478 48.8981
v 62.0000 -28.7604 48.7869
f 1933 1934 1935
v 28.0000 -27.0291 55.4504
v 62.0000 -28.7604 48.7869
v 62.0000 -26.5786 55.2335
f 1936 1937 1938
v 28.0000 -29.2478 48.8981
v 28.0000 -30.0000 42.0000
v 62.0000 -29.5000 42.0000
f 1939 1940 1941
v 28.0000 -29.2478 48.8981
v 62.0000 -29.5000 42.0000
v 62.0000 -28.7604 48.7869
f 1942 1943 1944
v 28.0000 -30.0000 42.0000
v 28.0000 -29.2478 35.1019
v 62.0000 -28.7604 35.2131
f 1945 1946 1947
v 28.0000 -30.0000 42.0000
v 62.0000 -28.7604 35.2131
v 62.0000 -29.5000 42.0000
f 1948 1949 1950
v 28.0000 -29.2478 35.1019
v 28.0000 -27.0291 28.5496
v 62.0000 -26.5786 28.7665
f 1951 1952 1953
v 28.0000 -29.2478 35.1019
v 62.0000 -26.5786 28.7665
v 62.0000 -28.7604 35.2131
f 1954 1955 1956
v 28.0000 -27.0291 28.5496
v 28.0000 -23.4549 22.6718
v 62.0000 -23.0640 22.9836
f 1957 1958 1959
v 28.0000 -27.0291 28.5496
v 62.0000 -23.0640 22.9836
v 62.0000 -26.5786 28.7665
f 1960 1961 1962
v 28.0000 -23.4549 22.6718
v 28.0000 -18.7047 17.7632
v 62.0000 -18.3929 18.1541
f 1963 1964 1965
v 28.0000 -23.4549 22.6718
v 62.0000 -18.3929 18.1541
v 62.0000 -23.0640 22.9836
f 1966 1967 1968
v 28.0000 -18.7047 17.7632
v 28.0000 -13.0165 14.0700
v 62.0000 -12.7996 14.5204
f 1969 1970 1971
v 28.0000 -18.7047 17.7632
v 62.0000 -12.7996 14.5204
v 62.0000 -18.3929 18.1541
f 1972 1973 1974
v 28.0000 -13.0165 14.0700
v 28.0000 -6.6756 11.7772
v 62.0000 -6.5644 12.2647
f 1975 1976 1977
v 28.0000 -13.0165 14.0700
v 62.0000 -6.5644 12.2647
v 62.0000 -12.7996 14.5204
f 1978 1979 1980
v 28.0000 -6.6756 11.7772
v 28.0000 -0.0000 11.0000
v 62.0000 -0.0000 11.5000
f 1981 1982 1983
v 28.0000 -6.6756 11.7772
v 62.0000 -0.0000 11.5000
v 62.0000 -6.5644 12.2647
f 1984 1985 1986
v 28.0000 -0.0000 11.0000
v 28.0000 6.6756 11.7772
v 62.0000 6.5644 12.2647
f 1987 1988 1989
v 28.0000 -0.0000 11.0000
v 62.0000 6.5644 12.2647
v 62.0000 -0.0000 11.5000
f 1990 1991 1992
v 28.0000 6.6756 11.7772
v 28.0000 13.0165 14.0700
v 62.0000 12.7996 14.5204
f 1993 1994 1995
v 28.0000 6.6756 11.7772
v 62.0000 12.7996 14.5204
v 62.0000 6.5644 12.2647
f 1996 1997 1998
v 28.0000 13.0165 14.0700
v 28.0000 18.7047 17.7632
v 62.0000 18.3929 18.1541
f 1999 2000 2001
v 28.0000 13.0165 14.0700
v 62.0000 18.3929 18.1541
v 62.0000 12.7996 14.5204
f 2002 2003 2004
v 28.0000 18.7047 17.7632
v 28.0000 23.4549 22.6718
v 62.0000 23.0640 22.9836
f 2005 2006 2007
v 28.0000 18.7047 17.7632
v 62.0000 23.0640 22.9836
v 62.0000 18.3929 18.1541
f 2008 2009 2010
v 28.0000 23.4549 22.6718
v 28.0000 27.0291 28.5496
v 62.0000 26.5786 28.7665
f 2011 2012 2013
v 28.0000 23.4549 22.6718
v 62.0000 26.5786 28.7665
v 62.0000 23.0640 22.9836
f 2014 2015 2016
v 28.0000 27.0291 28.5496
v 28.0000 29.2478 35.1019
v 62.0000 28.7604 35.2131
f 2017 2018 2019
v 28.0000 27.0291 28.5496
v 62.0000 28.7604 35.2131
v 62.0000 26.5786 28.7665
f 2020 2021 2022
v 28.0000 29.2478 35.1019
v 28.0000 30.0000 42.0000
v 62.0000 29.5000 42.0000
f 2023 2024 2025
v 28.0000 29.2478 35.1019
v 62.0000 29.5000 42.0000
v 62.0000 28.7604 35.2131
f 2026 2027 2028
v 62.0000 29.5000 42.0000
v 62.0000 28.7604 48.7869
v 80.0000 28.2729 48.6756
f 2029 2030 2031
v 62.0000 29.5000 42.0000
v 80.0000 28.2729 48.6756
v 80.0000 29.0000 42.0000
f 2032 2033 2034
v 62.0000 28.7604 48.7869
v 62.0000 26.5786 55.2335
v 80.0000 26.1281 55.0165
f 2035 2036 2037
v 62.0000 28.7604 48.7869
v 80.0000 26.1281 55.0165
v 80.0000 28.2729 48.6756
f 2038 2039 2040
v 62.0000 26.5786 55.2335
v 62.0000 23.0640 61.0164
v 80.0000 22.6731 60.7047
f 2041 2042 2043
v 62.0000 26.5786 55.2335
v 80.0000 22.6731 60.7047
v 80.0000 26.1281 55.0165
f 2044 2045 2046
v 62.0000 23.0640 61.0164
v 62.0000 18.3929 65.8459
v 80.0000 18.0812 65.4549
f 2047 2048 2049
v 62.0000 23.0640 61.0164
v 80.0000 18.0812 65.4549
v 80.0000 22.6731 60.7047
f 2050 2051 2052
v 62.0000 18.3929 65.8459
v 62.0000 12.7996 69.4796
v 80.0000 12.5826 69.0291
f 2053 2054 2055
v 62.0000 18.3929 65.8459
v 80.0000 12.5826 69.0291
v 80.0000 18.0812 65.4549
f 2056 2057 2058
v 62.0000 12.7996 69.4796
v 62.0000 6.5644 71.7353
v 80.0000 6.4531 71.2478
f 2059 2060 2061
v 62.0000 12.7996 69.4796
v 80.0000 6.4531 71.2478
v 80.0000 12.5826 69.0291
f 2062 2063 2064
v 62.0000 6.5644 71.7353
v 62.0000 0.0000 72.5000
v 80.0000 0.0000 72.0000
f 2065 2066 2067
v 62.0000 6.5644 71.7353
v 80.0000 0.0000 72.0000
v 80.0000 6.4531 71.2478
f 2068 2069 2070
v 62.0000 0.0000 72.5000
v 62.0000 -6.5644 71.7353
v 80.0000 -6.4531 71.2478
f 2071 2072 2073
v 62.0000 0.0000 72.5000
v 80.0000 -6.4531 71.2478
v 80.0000 0.0000 72.0000
f 2074 2075 2076
v 62.0000 -6.5644 71.7353
v 62.0000 -12.7996 69.4796
v 80.0000 -12.5826 69.0291
f 2077 2078 2079
v 62.0000 -6.5644 71.7353
v 80.0000 -12.5826 69.0291
v 80.0000 -6.4531 71.2478
f 2080 2081 2082
v 62.0000 -12.7996 69.4796
v 62.0000 -18.3929 65.8459
v 80.0000 -18.0812 65.4549
f 2083 2084 2085
v 62.0000 -12.7996 69.4796
v 80.0000 -18.0812 65.4549
v 80.0000 -12.5826 69.0291
f 2086 2087 2088
v 62.0000 -18.3929 65.8459
v 62.0000 -23.0640 61.0164
v 80.0000 -22.6731 60.7047
f 2089 2090 2091
v 62.0000 -18.3929 65.8459
v 80.0000 -22.6731 60.7047
v 80.0000 -18.0812 65.4549
f 2092 2093 2094
v 62.0000 -23.0640 61.0164
v 62.0000 -26.5786 55.2335
v 80.0000 -26.1281 55.0165
f 2095 2096 2097
v 62.0000 -23.0640 61.0164
v 80.0000 -26.1281 55.0165
v 80.0000 -22.6731 60.7047
f 2098 2099 2100
v 62.0000 -26.5786 55.2335
v 62.0000 -28.7604 48.7869
v 80.0000 -28.2729 48.6756
f 2101 2102 2103
v 62.0000 -26.5786 55.2335
v 80.0000 -28.2729 48.6756
v 80.0000 -26.1281 55.0165
f 2104 2105 2106
v 62.0000 -28.7604 48.7869
v 62.0000 -29.5000 42.0000
v 80.0000 -29.0000 42.0000
f 2107 2108 2109
v 62.0000 -28.7604 48.7869
v 80.0000 -29.0000 42.0000
v 80.0000 -28.2729 48.6756
f 2110 2111 2112
v 62.0000 -29.5000 42.0000
v 62.0000 -28.7604 35.2131
v 80.0000 -28.2729 35.3244
f 2113 2114 2115
v 62.0000 -29.5000 42.0000
v 80.0000 -28.2729 35.3244
v 80.0000 -29.0000 42.0000
f 2116 2117 2118
v 62.0000 -28.7604 35.2131
v 62.0000 -26.5786 28.7665
v 80.0000 -26.1281 28.9835
f 2119 2120 2121
v 62.0000 -28.7604 35.2131
v 80.0000 -26.1281 28.9835
v 80.0000 -28.2729 35.3244
f 2122 2123 2124
v 62.0000 -26.5786 28.7665
v 62.0000 -23.0640 22.9836
v 80.0000 -22.6731 23.2953
f 2125 2126 2127
v 62.0000 -26.5786 28.7665
v 80.0000 -22.6731 23.2953
v 80.0000 -26.1281 28.9835
f 2128 2129 2130
v 62.0000 -23.0640 22.9836
v 62.0000 -18.3929 18.1541
v 80.0000 -18.0812 18.5451
f 2131 2132 2133
v 62.0000 -23.0640 22.9836
v 80.0000 -18.0812 18.5451
v 80.0000 -22.6731 23.2953
f 2134 2135 2136
v 62.0000 -18.3929 18.1541
v 62.0000 -12.7996 14.5204
v 80.0000 -12.5826 14.9709
f 2137 2138 2139
v 62.0000 -18.3929 18.1541
v 80.0000 -12.5826 14.9709
v 80.0000 -18.0812 18.5451
f 2140 2141 2142
v 62.0000 -12.7996 14.5204
v 62.0000 -6.5644 12.2647
v 80.0000 -6.4531 12.7522
f 2143 2144 2145
v 62.0000 -12.7996 14.5204
v 80.0000 -6.4531 12.7522
v 80.0000 -12.5826 14.9709
f 2146 2147 2148
v 62.0000 -6.5644 12.2647
v 62.0000 -0.0000 11.5000
v 80.0000 -0.0000 12.0000
f 2149 2150 2151
v 62.0000 -6.5644 12.2647
v 80.0000 -0.0000 12.0000
v 80.0000 -6.4531 12.7522
f 2152 2153 2154
v 62.0000 -0.0000 11.5000
v 62.0000 6.5644 12.2647
v 80.0000 6.4531 12.7522
f 2155 2156 2157
v 62.0000 -0.0000 11.5000
v 80.0000 6.4531 12.7522
v 80.0000 -0.0000 12.0000
f 2158 2159 2160
v 62.0000 6.5644 12.2647
v 62.0000 12.7996 14.5204
v 80.0000 12.5826 14.9709
f 2161 2162 2163
v 62.0000 6.5644 12.2647
v 80.0000 12.5826 14.9709
v 80.0000 6.4531 12.7522
f 2164 2165 2166
v 62.0000 12.7996 14.5204
v 62.0000 18.3929 18.1541
v 80.0000 18.0812 18.5451
f 2167 2168 2169
v 62.0000 12.7996 14.5204
v 80.0000 18.0812 18.5451
v 80.0000 12.5826 14.9709
f 2170 2171 2172
v 62.0000 18.3929 18.1541
v 62.0000 23.0640 22.9836
v 80.0000 22.6731 23.2953
f 2173 2174 2175
v 62.0000 18.3929 18.1541
v 80.0000 22.6731 23.2953
v 80.0000 18.0812 18.5451
f 2176 2177 2178
v 62.0000 23.0640 22.9836
v 62.0000 26.5786 28.7665
v 80.0000 26.1281 28.9835
f 2179 2180 2181
v 62.0000 23.0640 22.9836
v 80.0000 26.1281 28.9835
v 80.0000 22.6731 23.2953
f 2182 2183 2184
v 62.0000 26.5786 28.7665
v 62.0000 28.7604 35.2131
v 80.0000 28.2729 35.3244
f 2185 2186 2187
v 62.0000 26.5786 28.7665
v 80.0000 28.2729 35.3244
v 80.0000 26.1281 28.9835
f 2188 2189 2190
v 62.0000 28.7604 35.2131
v 62.0000 29.5000 42.0000
v 80.0000 29.0000 42.0000
f 2191 2192 2193
v 62.0000 28.7604 35.2131
v 80.0000 29.0000 42.0000
v 80.0000 28.2729 35.3244
f 2194 2195 2196
v -80.0000 0.0000 35.0000
v -80.0000 8.7744 37.6703
v -80.0000 9.0000 35.0000
f 2197 2198 2199
v -80.0000 0.0000 35.0000
v -80.0000 8.1087 40.2066
v -80.0000 8.7744 37.6703
f 2200 2201 2202
v -80.0000 0.0000 35.0000
v -80.0000 7.0365 42.4819
v -80.0000 8.1087 40.2066
f 2203 2204 2205
v -80.0000 0.0000 35.0000
v -80.0000 5.6114 44.3820
v -80.0000 7.0365 42.4819
f 2206 2207 2208
v -80.0000 0.0000 35.0000
v -80.0000 3.9050 45.8116
v -80.0000 5.6114 44.3820
f 2209 2210 2211
v -80.0000 0.0000 35.0000
v -80.0000 2.0027 46.6991
v -80.0000 3.9050 45.8116
f 2212 2213 2214
v -80.0000 0.0000 35.0000
v -80.0000 0.0000 47.0000
v -80.0000 2.0027 46.6991
f 2215 2216 2217
v -80.0000 0.0000 35.0000
v -80.0000 -2.0027 46.6991
v -80.0000 0.0000 47.0000
f 2218 2219 2220
v -80.0000 0.0000 35.0000
v -80.0000 -3.9050 45.8116
v -80.0000 -2.0027 46.6991
f 2221 2222 2223
v -80.0000 0.0000 35.0000
v -80.0000 -5.6114 44.3820
v -80.0000 -3.9050 45.8116
f 2224 2225 2226
v -80.0000 0.0000 35.0000
v -80.0000 -7.0365 42.4819
v -80.0000 -5.6114 44.3820
f 2227 2228 2229
v -80.0000 0.0000 35.0000
v -80.0000 -8.1087 40.2066
v -80.0000 -7.0365 42.4819
f 2230 2231 2232
v -80.0000 0.0000 35.0000
v -80.0000 -8.7744 37.6703
v -80.0000 -8.1087 40.2066
f 2233 2234 2235
v -80.0000 0.0000 35.0000
v -80.0000 -9.0000 35.0000
v -80.0000 -8.7744 37.6703
f 2236 2237 2238
v -80.0000 0.0000 35.0000
v -80.0000 -8.7744 32.3297
v -80.0000 -9.0000 35.0000
f 2239 2240 2241
v -80.0000 0.0000 35.0000
v -80.0000 -8.1087 29.7934
v -80.0000 -8.7744 32.3297
f 2242 2243 2244
v -80.0000 0.0000 35.0000
v -80.0000 -7.0365 27.5181
v -80.0000 -8.1087 29.7934
f 2245 2246 2247
v -80.0000 0.0000 35.0000
v -80.0000 -5.6114 25.6180
v -80.0000 -7.0365 27.5181
f 2248 2249 2250
v -80.0000 0.0000 35.0000
v -80.0000 -3.9050 24.1884
v -80.0000 -5.6114 25.6180
f 2251 2252 2253
v -80.0000 0.0000 35.0000
v -80.0000 -2.0027 23.3009
v -80.0000 -3.9050 24.1884
f 2254 2255 2256
v -80.0000 0.0000 35.0000
v -80.0000 -0.0000 23.0000
v -80.0000 -2.0027 23.3009
f 2257 2258 2259
v -80.0000 0.0000 35.0000
v -80.0000 2.0027 23.3009
v -80.0000 -0.0000 23.0000
f 2260 2261 2262
v -80.0000 0.0000 35.0000
v -80.0000 3.9050 24.1884
v -80.0000 2.0027 23.3009
f 2263 2264 2265
v -80.0000 0.0000 35.0000
v -80.0000 5.6114 25.6180
v -80.0000 3.9050 24.1884
f 2266 2267 2268
v -80.0000 0.0000 35.0000
v -80.0000 7.0365 27.5181
v -80.0000 5.6114 25.6180
f 2269 2270 2271
v -80.0000 0.0000 35.0000
v -80.0000 8.1087 29.7934
v -80.0000 7.0365 27.5181
f 2272 2273 2274
v -80.0000 0.0000 35.0000
v -80.0000 8.7744 32.3297
v -80.0000 8.1087 29.7934
f 2275 2276 2277
v -80.0000 0.0000 35.0000
v -80.0000 9.0000 35.0000
v -80.0000 8.7744 32.3297
f 2278 2279 2280
v 80.0000 -0.0000 42.0000
v 80.0000 29.0000 42.0000
v 80.0000 28.2729 48.6756
f 2281 2282 2283
v 80.0000 -0.0000 42.0000
v 80.0000 28.2729 48.6756
v 80.0000 26.1281 55.0165
f 2284 2285 2286
v 80.0000 -0.0000 42.0000
v 80.0000 26.1281 55.0165
v 80.0000 22.6731 60.7047
f 2287 2288 2289
v 80.0000 -0.0000 42.0000
v 80.0000 22.6731 60.7047
v 80.0000 18.0812 65.4549
f 2290 2291 2292
v 80.0000 -0.0000 42.0000
v 80.0000 18.0812 65.4549
v 80.0000 12.5826 69.0291
f 2293 2294 2295
v 80.0000 -0.0000 42.0000
v 80.0000 12.5826 69.0291
v 80.0000 6.4531 71.2478
f 2296 2297 2298
v 80.0000 -0.0000 42.0000
v 80.0000 6.4531 71.2478
v 80.0000 0.0000 72.0000
f 2299 2300 2301
v 80.0000 -0.0000 42.0000
v 80.0000 0.0000 72.0000
v 80.0000 -6.4531 71.2478
f 2302 2303 2304
v 80.0000 -0.0000 42.0000
v 80.0000 -6.4531 71.2478
v 80.0000 -12.5826 69.0291
f 2305 2306 2307
v 80.0000 -0.0000 42.0000
v 80.0000 -12.5826 69.0291
v 80.0000 -18.0812 65.4549
f 2308 2309 2310
v 80.0000 -0.0000 42.0000
v 80.0000 -18.0812 65.4549
v 80.0000 -22.6731 60.7047
f 2311 2312 2313
v 80.0000 -0.0000 42.0000
v 80.0000 -22.6731 60.7047
v 80.0000 -26.1281 55.0165
f 2314 2315 2316
v 80.0000 -0.0000 42.0000
v 80.0000 -26.1281 55.0165
v 80.0000 -28.2729 48.6756
f 2317 2318 2319
v 80.0000 -0.0000 42.0000
v 80.0000 -28.2729 48.6756
v 80.0000 -29.0000 42.0000
f 2320 2321 2322
v 80.0000 -0.0000 42.0000
v 80.0000 -29.0000 42.0000
v 80.0000 -28.2729 35.3244
f 2323 2324 2325
v 80.0000 -0.0000 42.0000
v 80.0000 -28.2729 35.3244
v 80.0000 -26.1281 28.9835
f 2326 2327 2328
v 80.0000 -0.0000 42.0000
v 80.0000 -26.1281 28.9835
v 80.0000 -22.6731 23.2953
f 2329 2330 2331
v 80.0000 -0.0000 42.0000
v 80.0000 -22.6731 23.2953
v 80.0000 -18.0812 18.5451
f 2332 2333 2334
v 80.0000 -0.0000 42.0000
v 80.0000 -18.0812 18.5451
v 80.0000 -12.5826 14.9709
f 2335 2336 2337
v 80.0000 -0.0000 42.0000
v 80.0000 -12.5826 14.9709
v 80.0000 -6.4531 12.7522
f 2338 2339 2340
v 80.0000 -0.0000 42.0000
v 80.0000 -6.4531 12.7522
v 80.0000 -0.0000 12.0000
f 2341 2342 2343
v 80.0000 -0.0000 42.0000
v 80.0000 -0.0000 12.0000
v 80.0000 6.4531 12.7522
f 2344 2345 2346
v 80.0000 -0.0000 42.0000
v 80.0000 6.4531 12.7522
v 80.0000 12.5826 14.9709
f 2347 2348 2349
v 80.0000 -0.0000 42.0000
v 80.0000 12.5826 14.9709
v 80.0000 18.0812 18.5451
f 2350 2351 2352
v 80.0000 -0.0000 42.0000
v 80.0000 18.0812 18.5451
v 80.0000 22.6731 23.2953
f 2353 2354 2355
v 80.0000 -0.0000 42.0000
v 80.0000 22.6731 23.2953
v 80.0000 26.1281 28.9835
f 2356 2357 2358
v 80.0000 -0.0000 42.0000
v 80.0000 26.1281 28.9835
v 80.0000 28.2729 35.3244
f 2359 2360 2361
v 80.0000 -0.0000 42.0000
v 80.0000 28.2729 35.3244
v 80.0000 29.0000 42.0000
f 2362 2363 2364
o 06_canopy
usemtl mat_222326
v -76.0000 6.0000 46.0000
v -76.0000 5.8496 47.7802
v -63.0000 16.5738 55.6716
f 2365 2366 2367
v -76.0000 6.0000 46.0000
v -63.0000 16.5738 55.6716
v -63.0000 17.0000 52.0000
f 2368 2369 2370
v -76.0000 5.8496 47.7802
v -76.0000 5.4058 49.4711
v -63.0000 15.3165 59.1591
f 2371 2372 2373
v -76.0000 5.8496 47.7802
v -63.0000 15.3165 59.1591
v -63.0000 16.5738 55.6716
f 2374 2375 2376
v -76.0000 5.4058 49.4711
v -76.0000 4.6910 50.9879
v -63.0000 13.2911 62.2876
f 2377 2378 2379
v -76.0000 5.4058 49.4711
v -63.0000 13.2911 62.2876
v -63.0000 15.3165 59.1591
f 2380 2381 2382
v -76.0000 4.6910 50.9879
v -76.0000 3.7409 52.2547
v -63.0000 10.5993 64.9002
f 2383 2384 2385
v -76.0000 4.6910 50.9879
v -63.0000 10.5993 64.9002
v -63.0000 13.2911 62.2876
f 2386 2387 2388
v -76.0000 3.7409 52.2547
v -76.0000 2.6033 53.2078
v -63.0000 7.3760 66.8660
f 2389 2390 2391
v -76.0000 3.7409 52.2547
v -63.0000 7.3760 66.8660
v -63.0000 10.5993 64.9002
f 2392 2393 2394
v -76.0000 2.6033 53.2078
v -76.0000 1.3351 53.7994
v -63.0000 3.7829 68.0863
f 2395 2396 2397
v -76.0000 2.6033 53.2078
v -63.0000 3.7829 68.0863
v -63.0000 7.3760 66.8660
f 2398 2399 2400
v -76.0000 1.3351 53.7994
v -76.0000 0.0000 54.0000
v -63.0000 0.0000 68.5000
f 2401 2402 2403
v -76.0000 1.3351 53.7994
v -63.0000 0.0000 68.5000
v -63.0000 3.7829 68.0863
f 2404 2405 2406
v -76.0000 0.0000 54.0000
v -76.0000 -1.3351 53.7994
v -63.0000 -3.7829 68.0863
f 2407 2408 2409
v -76.0000 0.0000 54.0000
v -63.0000 -3.7829 68.0863
v -63.0000 0.0000 68.5000
f 2410 2411 2412
v -76.0000 -1.3351 53.7994
v -76.0000 -2.6033 53.2078
v -63.0000 -7.3760 66.8660
f 2413 2414 2415
v -76.0000 -1.3351 53.7994
v -63.0000 -7.3760 66.8660
v -63.0000 -3.7829 68.0863
f 2416 2417 2418
v -76.0000 -2.6033 53.2078
v -76.0000 -3.7409 52.2547
v -63.0000 -10.5993 64.9002
f 2419 2420 2421
v -76.0000 -2.6033 53.2078
v -63.0000 -10.5993 64.9002
v -63.0000 -7.3760 66.8660
f 2422 2423 2424
v -76.0000 -3.7409 52.2547
v -76.0000 -4.6910 50.9879
v -63.0000 -13.2911 62.2876
f 2425 2426 2427
v -76.0000 -3.7409 52.2547
v -63.0000 -13.2911 62.2876
v -63.0000 -10.5993 64.9002
f 2428 2429 2430
v -76.0000 -4.6910 50.9879
v -76.0000 -5.4058 49.4711
v -63.0000 -15.3165 59.1591
f 2431 2432 2433
v -76.0000 -4.6910 50.9879
v -63.0000 -15.3165 59.1591
v -63.0000 -13.2911 62.2876
f 2434 2435 2436
v -76.0000 -5.4058 49.4711
v -76.0000 -5.8496 47.7802
v -63.0000 -16.5738 55.6716
f 2437 2438 2439
v -76.0000 -5.4058 49.4711
v -63.0000 -16.5738 55.6716
v -63.0000 -15.3165 59.1591
f 2440 2441 2442
v -76.0000 -5.8496 47.7802
v -76.0000 -6.0000 46.0000
v -63.0000 -17.0000 52.0000
f 2443 2444 2445
v -76.0000 -5.8496 47.7802
v -63.0000 -17.0000 52.0000
v -63.0000 -16.5738 55.6716
f 2446 2447 2448
v -76.0000 -6.0000 46.0000
v -76.0000 -5.8496 44.2198
v -63.0000 -16.5738 48.3284
f 2449 2450 2451
v -76.0000 -6.0000 46.0000
v -63.0000 -16.5738 48.3284
v -63.0000 -17.0000 52.0000
f 2452 2453 2454
v -76.0000 -5.8496 44.2198
v -76.0000 -5.4058 42.5289
v -63.0000 -15.3165 44.8409
f 2455 2456 2457
v -76.0000 -5.8496 44.2198
v -63.0000 -15.3165 44.8409
v -63.0000 -16.5738 48.3284
f 2458 2459 2460
v -76.0000 -5.4058 42.5289
v -76.0000 -4.6910 41.0121
v -63.0000 -13.2911 41.7124
f 2461 2462 2463
v -76.0000 -5.4058 42.5289
v -63.0000 -13.2911 41.7124
v -63.0000 -15.3165 44.8409
f 2464 2465 2466
v -76.0000 -4.6910 41.0121
v -76.0000 -3.7409 39.7453
v -63.0000 -10.5993 39.0998
f 2467 2468 2469
v -76.0000 -4.6910 41.0121
v -63.0000 -10.5993 39.0998
v -63.0000 -13.2911 41.7124
f 2470 2471 2472
v -76.0000 -3.7409 39.7453
v -76.0000 -2.6033 38.7922
v -63.0000 -7.3760 37.1340
f 2473 2474 2475
v -76.0000 -3.7409 39.7453
v -63.0000 -7.3760 37.1340
v -63.0000 -10.5993 39.0998
f 2476 2477 2478
v -76.0000 -2.6033 38.7922
v -76.0000 -1.3351 38.2006
v -63.0000 -3.7829 35.9137
f 2479 2480 2481
v -76.0000 -2.6033 38.7922
v -63.0000 -3.7829 35.9137
v -63.0000 -7.3760 37.1340
f 2482 2483 2484
v -76.0000 -1.3351 38.2006
v -76.0000 -0.0000 38.0000
v -63.0000 -0.0000 35.5000
f 2485 2486 2487
v -76.0000 -1.3351 38.2006
v -63.0000 -0.0000 35.5000
v -63.0000 -3.7829 35.9137
f 2488 2489 2490
v -76.0000 -0.0000 38.0000
v -76.0000 1.3351 38.2006
v -63.0000 3.7829 35.9137
f 2491 2492 2493
v -76.0000 -0.0000 38.0000
v -63.0000 3.7829 35.9137
v -63.0000 -0.0000 35.5000
f 2494 2495 2496
v -76.0000 1.3351 38.2006
v -76.0000 2.6033 38.7922
v -63.0000 7.3760 37.1340
f 2497 2498 2499
v -76.0000 1.3351 38.2006
v -63.0000 7.3760 37.1340
v -63.0000 3.7829 35.9137
f 2500 2501 2502
v -76.0000 2.6033 38.7922
v -76.0000 3.7409 39.7453
v -63.0000 10.5993 39.0998
f 2503 2504 2505
v -76.0000 2.6033 38.7922
v -63.0000 10.5993 39.0998
v -63.0000 7.3760 37.1340
f 2506 2507 2508
v -76.0000 3.7409 39.7453
v -76.0000 4.6910 41.0121
v -63.0000 13.2911 41.7124
f 2509 2510 2511
v -76.0000 3.7409 39.7453
v -63.0000 13.2911 41.7124
v -63.0000 10.5993 39.0998
f 2512 2513 2514
v -76.0000 4.6910 41.0121
v -76.0000 5.4058 42.5289
v -63.0000 15.3165 44.8409
f 2515 2516 2517
v -76.0000 4.6910 41.0121
v -63.0000 15.3165 44.8409
v -63.0000 13.2911 41.7124
f 2518 2519 2520
v -76.0000 5.4058 42.5289
v -76.0000 5.8496 44.2198
v -63.0000 16.5738 48.3284
f 2521 2522 2523
v -76.0000 5.4058 42.5289
v -63.0000 16.5738 48.3284
v -63.0000 15.3165 44.8409
f 2524 2525 2526
v -76.0000 5.8496 44.2198
v -76.0000 6.0000 46.0000
v -63.0000 17.0000 52.0000
f 2527 2528 2529
v -76.0000 5.8496 44.2198
v -63.0000 17.0000 52.0000
v -63.0000 16.5738 48.3284
f 2530 2531 2532
v -63.0000 17.0000 52.0000
v -63.0000 16.5738 55.6716
v -40.0000 21.4484 61.5617
f 2533 2534 2535
v -63.0000 17.0000 52.0000
v -40.0000 21.4484 61.5617
v -40.0000 22.0000 57.0000
f 2536 2537 2538
v -63.0000 16.5738 55.6716
v -63.0000 15.3165 59.1591
v -40.0000 19.8213 65.8946
f 2539 2540 2541
v -63.0000 16.5738 55.6716
v -40.0000 19.8213 65.8946
v -40.0000 21.4484 61.5617
f 2542 2543 2544
v -63.0000 15.3165 59.1591
v -63.0000 13.2911 62.2876
v -40.0000 17.2003 69.7815
f 2545 2546 2547
v -63.0000 15.3165 59.1591
v -40.0000 17.2003 69.7815
v -40.0000 19.8213 65.8946
f 2548 2549 2550
v -63.0000 13.2911 62.2876
v -63.0000 10.5993 64.9002
v -40.0000 13.7168 73.0275
f 2551 2552 2553
v -63.0000 13.2911 62.2876
v -40.0000 13.7168 73.0275
v -40.0000 17.2003 69.7815
f 2554 2555 2556
v -63.0000 10.5993 64.9002
v -63.0000 7.3760 66.8660
v -40.0000 9.5454 75.4699
f 2557 2558 2559
v -63.0000 10.5993 64.9002
v -40.0000 9.5454 75.4699
v -40.0000 13.7168 73.0275
f 2560 2561 2562
v -63.0000 7.3760 66.8660
v -63.0000 3.7829 68.0863
v -40.0000 4.8955 76.9860
f 2563 2564 2565
v -63.0000 7.3760 66.8660
v -40.0000 4.8955 76.9860
v -40.0000 9.5454 75.4699
f 2566 2567 2568
v -63.0000 3.7829 68.0863
v -63.0000 0.0000 68.5000
v -40.0000 0.0000 77.5000
f 2569 2570 2571
v -63.0000 3.7829 68.0863
v -40.0000 0.0000 77.5000
v -40.0000 4.8955 76.9860
f 2572 2573 2574
v -63.0000 0.0000 68.5000
v -63.0000 -3.7829 68.0863
v -40.0000 -4.8955 76.9860
f 2575 2576 2577
v -63.0000 0.0000 68.5000
v -40.0000 -4.8955 76.9860
v -40.0000 0.0000 77.5000
f 2578 2579 2580
v -63.0000 -3.7829 68.0863
v -63.0000 -7.3760 66.8660
v -40.0000 -9.5454 75.4699
f 2581 2582 2583
v -63.0000 -3.7829 68.0863
v -40.0000 -9.5454 75.4699
v -40.0000 -4.8955 76.9860
f 2584 2585 2586
v -63.0000 -7.3760 66.8660
v -63.0000 -10.5993 64.9002
v -40.0000 -13.7168 73.0275
f 2587 2588 2589
v -63.0000 -7.3760 66.8660
v -40.0000 -13.7168 73.0275
v -40.0000 -9.5454 75.4699
f 2590 2591 2592
v -63.0000 -10.5993 64.9002
v -63.0000 -13.2911 62.2876
v -40.0000 -17.2003 69.7815
f 2593 2594 2595
v -63.0000 -10.5993 64.9002
v -40.0000 -17.2003 69.7815
v -40.0000 -13.7168 73.0275
f 2596 2597 2598
v -63.0000 -13.2911 62.2876
v -63.0000 -15.3165 59.1591
v -40.0000 -19.8213 65.8946
f 2599 2600 2601
v -63.0000 -13.2911 62.2876
v -40.0000 -19.8213 65.8946
v -40.0000 -17.2003 69.7815
f 2602 2603 2604
v -63.0000 -15.3165 59.1591
v -63.0000 -16.5738 55.6716
v -40.0000 -21.4484 61.5617
f 2605 2606 2607
v -63.0000 -15.3165 59.1591
v -40.0000 -21.4484 61.5617
v -40.0000 -19.8213 65.8946
f 2608 2609 2610
v -63.0000 -16.5738 55.6716
v -63.0000 -17.0000 52.0000
v -40.0000 -22.0000 57.0000
f 2611 2612 2613
v -63.0000 -16.5738 55.6716
v -40.0000 -22.0000 57.0000
v -40.0000 -21.4484 61.5617
f 2614 2615 2616
v -63.0000 -17.0000 52.0000
v -63.0000 -16.5738 48.3284
v -40.0000 -21.4484 52.4383
f 2617 2618 2619
v -63.0000 -17.0000 52.0000
v -40.0000 -21.4484 52.4383
v -40.0000 -22.0000 57.0000
f 2620 2621 2622
v -63.0000 -16.5738 48.3284
v -63.0000 -15.3165 44.8409
v -40.0000 -19.8213 48.1054
f 2623 2624 2625
v -63.0000 -16.5738 48.3284
v -40.0000 -19.8213 48.1054
v -40.0000 -21.4484 52.4383
f 2626 2627 2628
v -63.0000 -15.3165 44.8409
v -63.0000 -13.2911 41.7124
v -40.0000 -17.2003 44.2185
f 2629 2630 2631
v -63.0000 -15.3165 44.8409
v -40.0000 -17.2003 44.2185
v -40.0000 -19.8213 48.1054
f 2632 2633 2634
v -63.0000 -13.2911 41.7124
v -63.0000 -10.5993 39.0998
v -40.0000 -13.7168 40.9725
f 2635 2636 2637
v -63.0000 -13.2911 41.7124
v -40.0000 -13.7168 40.9725
v -40.0000 -17.2003 44.2185
f 2638 2639 2640
v -63.0000 -10.5993 39.0998
v -63.0000 -7.3760 37.1340
v -40.0000 -9.5454 38.5301
f 2641 2642 2643
v -63.0000 -10.5993 39.0998
v -40.0000 -9.5454 38.5301
v -40.0000 -13.7168 40.9725
f 2644 2645 2646
v -63.0000 -7.3760 37.1340
v -63.0000 -3.7829 35.9137
v -40.0000 -4.8955 37.0140
f 2647 2648 2649
v -63.0000 -7.3760 37.1340
v -40.0000 -4.8955 37.0140
v -40.0000 -9.5454 38.5301
f 2650 2651 2652
v -63.0000 -3.7829 35.9137
v -63.0000 -0.0000 35.5000
v -40.0000 -0.0000 36.5000
f 2653 2654 2655
v -63.0000 -3.7829 35.9137
v -40.0000 -0.0000 36.5000
v -40.0000 -4.8955 37.0140
f 2656 2657 2658
v -63.0000 -0.0000 35.5000
v -63.0000 3.7829 35.9137
v -40.0000 4.8955 37.0140
f 2659 2660 2661
v -63.0000 -0.0000 35.5000
v -40.0000 4.8955 37.0140
v -40.0000 -0.0000 36.5000
f 2662 2663 2664
v -63.0000 3.7829 35.9137
v -63.0000 7.3760 37.1340
v -40.0000 9.5454 38.5301
f 2665 2666 2667
v -63.0000 3.7829 35.9137
v -40.0000 9.5454 38.5301
v -40.0000 4.8955 37.0140
f 2668 2669 2670
v -63.0000 7.3760 37.1340
v -63.0000 10.5993 39.0998
v -40.0000 13.7168 40.9725
f 2671 2672 2673
v -63.0000 7.3760 37.1340
v -40.0000 13.7168 40.9725
v -40.0000 9.5454 38.5301
f 2674 2675 2676
v -63.0000 10.5993 39.0998
v -63.0000 13.2911 41.7124
v -40.0000 17.2003 44.2185
f 2677 2678 2679
v -63.0000 10.5993 39.0998
v -40.0000 17.2003 44.2185
v -40.0000 13.7168 40.9725
f 2680 2681 2682
v -63.0000 13.2911 41.7124
v -63.0000 15.3165 44.8409
v -40.0000 19.8213 48.1054
f 2683 2684 2685
v -63.0000 13.2911 41.7124
v -40.0000 19.8213 48.1054
v -40.0000 17.2003 44.2185
f 2686 2687 2688
v -63.0000 15.3165 44.8409
v -63.0000 16.5738 48.3284
v -40.0000 21.4484 52.4383
f 2689 2690 2691
v -63.0000 15.3165 44.8409
v -40.0000 21.4484 52.4383
v -40.0000 19.8213 48.1054
f 2692 2693 2694
v -63.0000 16.5738 48.3284
v -63.0000 17.0000 52.0000
v -40.0000 22.0000 57.0000
f 2695 2696 2697
v -63.0000 16.5738 48.3284
v -40.0000 22.0000 57.0000
v -40.0000 21.4484 52.4383
f 2698 2699 2700
v -40.0000 22.0000 57.0000
v -40.0000 21.4484 61.5617
v -12.0000 23.3983 67.2279
f 2701 2702 2703
v -40.0000 22.0000 57.0000
v -12.0000 23.3983 67.2279
v -12.0000 24.0000 63.0000
f 2704 2705 2706
v -40.0000 21.4484 61.5617
v -40.0000 19.8213 65.8946
v -12.0000 21.6233 71.2438
f 2707 2708 2709
v -40.0000 21.4484 61.5617
v -12.0000 21.6233 71.2438
v -12.0000 23.3983 67.2279
f 2710 2711 2712
v -40.0000 19.8213 65.8946
v -40.0000 17.2003 69.7815
v -12.0000 18.7640 74.8463
f 2713 2714 2715
v -40.0000 19.8213 65.8946
v -12.0000 18.7640 74.8463
v -12.0000 21.6233 71.2438
f 2716 2717 2718
v -40.0000 17.2003 69.7815
v -40.0000 13.7168 73.0275
v -12.0000 14.9638 77.8548
f 2719 2720 2721
v -40.0000 17.2003 69.7815
v -12.0000 14.9638 77.8548
v -12.0000 18.7640 74.8463
f 2722 2723 2724
v -40.0000 13.7168 73.0275
v -40.0000 9.5454 75.4699
v -12.0000 10.4132 80.1184
f 2725 2726 2727
v -40.0000 13.7168 73.0275
v -12.0000 10.4132 80.1184
v -12.0000 14.9638 77.8548
f 2728 2729 2730
v -40.0000 9.5454 75.4699
v -40.0000 4.8955 76.9860
v -12.0000 5.3405 81.5236
f 2731 2732 2733
v -40.0000 9.5454 75.4699
v -12.0000 5.3405 81.5236
v -12.0000 10.4132 80.1184
f 2734 2735 2736
v -40.0000 4.8955 76.9860
v -40.0000 0.0000 77.5000
v -12.0000 0.0000 82.0000
f 2737 2738 2739
v -40.0000 4.8955 76.9860
v -12.0000 0.0000 82.0000
v -12.0000 5.3405 81.5236
f 2740 2741 2742
v -40.0000 0.0000 77.5000
v -40.0000 -4.8955 76.9860
v -12.0000 -5.3405 81.5236
f 2743 2744 2745
v -40.0000 0.0000 77.5000
v -12.0000 -5.3405 81.5236
v -12.0000 0.0000 82.0000
f 2746 2747 2748
v -40.0000 -4.8955 76.9860
v -40.0000 -9.5454 75.4699
v -12.0000 -10.4132 80.1184
f 2749 2750 2751
v -40.0000 -4.8955 76.9860
v -12.0000 -10.4132 80.1184
v -12.0000 -5.3405 81.5236
f 2752 2753 2754
v -40.0000 -9.5454 75.4699
v -40.0000 -13.7168 73.0275
v -12.0000 -14.9638 77.8548
f 2755 2756 2757
v -40.0000 -9.5454 75.4699
v -12.0000 -14.9638 77.8548
v -12.0000 -10.4132 80.1184
f 2758 2759 2760
v -40.0000 -13.7168 73.0275
v -40.0000 -17.2003 69.7815
v -12.0000 -18.7640 74.8463
f 2761 2762 2763
v -40.0000 -13.7168 73.0275
v -12.0000 -18.7640 74.8463
v -12.0000 -14.9638 77.8548
f 2764 2765 2766
v -40.0000 -17.2003 69.7815
v -40.0000 -19.8213 65.8946
v -12.0000 -21.6233 71.2438
f 2767 2768 2769
v -40.0000 -17.2003 69.7815
v -12.0000 -21.6233 71.2438
v -12.0000 -18.7640 74.8463
f 2770 2771 2772
v -40.0000 -19.8213 65.8946
v -40.0000 -21.4484 61.5617
v -12.0000 -23.3983 67.2279
f 2773 2774 2775
v -40.0000 -19.8213 65.8946
v -12.0000 -23.3983 67.2279
v -12.0000 -21.6233 71.2438
f 2776 2777 2778
v -40.0000 -21.4484 61.5617
v -40.0000 -22.0000 57.0000
v -12.0000 -24.0000 63.0000
f 2779 2780 2781
v -40.0000 -21.4484 61.5617
v -12.0000 -24.0000 63.0000
v -12.0000 -23.3983 67.2279
f 2782 2783 2784
v -40.0000 -22.0000 57.0000
v -40.0000 -21.4484 52.4383
v -12.0000 -23.3983 58.7721
f 2785 2786 2787
v -40.0000 -22.0000 57.0000
v -12.0000 -23.3983 58.7721
v -12.0000 -24.0000 63.0000
f 2788 2789 2790
v -40.0000 -21.4484 52.4383
v -40.0000 -19.8213 48.1054
v -12.0000 -21.6233 54.7562
f 2791 2792 2793
v -40.0000 -21.4484 52.4383
v -12.0000 -21.6233 54.7562
v -12.0000 -23.3983 58.7721
f 2794 2795 2796
v -40.0000 -19.8213 48.1054
v -40.0000 -17.2003 44.2185
v -12.0000 -18.7640 51.1537
f 2797 2798 2799
v -40.0000 -19.8213 48.1054
v -12.0000 -18.7640 51.1537
v -12.0000 -21.6233 54.7562
f 2800 2801 2802
v -40.0000 -17.2003 44.2185
v -40.0000 -13.7168 40.9725
v -12.0000 -14.9638 48.1452
f 2803 2804 2805
v -40.0000 -17.2003 44.2185
v -12.0000 -14.9638 48.1452
v -12.0000 -18.7640 51.1537
f 2806 2807 2808
v -40.0000 -13.7168 40.9725
v -40.0000 -9.5454 38.5301
v -12.0000 -10.4132 45.8816
f 2809 2810 2811
v -40.0000 -13.7168 40.9725
v -12.0000 -10.4132 45.8816
v -12.0000 -14.9638 48.1452
f 2812 2813 2814
v -40.0000 -9.5454 38.5301
v -40.0000 -4.8955 37.0140
v -12.0000 -5.3405 44.4764
f 2815 2816 2817
v -40.0000 -9.5454 38.5301
v -12.0000 -5.3405 44.4764
v -12.0000 -10.4132 45.8816
f 2818 2819 2820
v -40.0000 -4.8955 37.0140
v -40.0000 -0.0000 36.5000
v -12.0000 -0.0000 44.0000
f 2821 2822 2823
v -40.0000 -4.8955 37.0140
v -12.0000 -0.0000 44.0000
v -12.0000 -5.3405 44.4764
f 2824 2825 2826
v -40.0000 -0.0000 36.5000
v -40.0000 4.8955 37.0140
v -12.0000 5.3405 44.4764
f 2827 2828 2829
v -40.0000 -0.0000 36.5000
v -12.0000 5.3405 44.4764
v -12.0000 -0.0000 44.0000
f 2830 2831 2832
v -40.0000 4.8955 37.0140
v -40.0000 9.5454 38.5301
v -12.0000 10.4132 45.8816
f 2833 2834 2835
v -40.0000 4.8955 37.0140
v -12.0000 10.4132 45.8816
v -12.0000 5.3405 44.4764
f 2836 2837 2838
v -40.0000 9.5454 38.5301
v -40.0000 13.7168 40.9725
v -12.0000 14.9638 48.1452
f 2839 2840 2841
v -40.0000 9.5454 38.5301
v -12.0000 14.9638 48.1452
v -12.0000 10.4132 45.8816
f 2842 2843 2844
v -40.0000 13.7168 40.9725
v -40.0000 17.2003 44.2185
v -12.0000 18.7640 51.1537
f 2845 2846 2847
v -40.0000 13.7168 40.9725
v -12.0000 18.7640 51.1537
v -12.0000 14.9638 48.1452
f 2848 2849 2850
v -40.0000 17.2003 44.2185
v -40.0000 19.8213 48.1054
v -12.0000 21.6233 54.7562
f 2851 2852 2853
v -40.0000 17.2003 44.2185
v -12.0000 21.6233 54.7562
v -12.0000 18.7640 51.1537
f 2854 2855 2856
v -40.0000 19.8213 48.1054
v -40.0000 21.4484 52.4383
v -12.0000 23.3983 58.7721
f 2857 2858 2859
v -40.0000 19.8213 48.1054
v -12.0000 23.3983 58.7721
v -12.0000 21.6233 54.7562
f 2860 2861 2862
v -40.0000 21.4484 52.4383
v -40.0000 22.0000 57.0000
v -12.0000 24.0000 63.0000
f 2863 2864 2865
v -40.0000 21.4484 52.4383
v -12.0000 24.0000 63.0000
v -12.0000 23.3983 58.7721
f 2866 2867 2868
v -12.0000 24.0000 63.0000
v -12.0000 23.3983 67.2279
v 18.0000 22.4233 70.6703
f 2869 2870 2871
v -12.0000 24.0000 63.0000
v 18.0000 22.4233 70.6703
v 18.0000 23.0000 68.0000
f 2872 2873 2874
v -12.0000 23.3983 67.2279
v -12.0000 21.6233 71.2438
v 18.0000 20.7223 73.2066
f 2875 2876 2877
v -12.0000 23.3983 67.2279
v 18.0000 20.7223 73.2066
v 18.0000 22.4233 70.6703
f 2878 2879 2880
v -12.0000 21.6233 71.2438
v -12.0000 18.7640 74.8463
v 18.0000 17.9821 75.4819
f 2881 2882 2883
v -12.0000 21.6233 71.2438
v 18.0000 17.9821 75.4819
v 18.0000 20.7223 73.2066
f 2884 2885 2886
v -12.0000 18.7640 74.8463
v -12.0000 14.9638 77.8548
v 18.0000 14.3403 77.3820
f 2887 2888 2889
v -12.0000 18.7640 74.8463
v 18.0000 14.3403 77.3820
v 18.0000 17.9821 75.4819
f 2890 2891 2892
v -12.0000 14.9638 77.8548
v -12.0000 10.4132 80.1184
v 18.0000 9.9793 78.8116
f 2893 2894 2895
v -12.0000 14.9638 77.8548
v 18.0000 9.9793 78.8116
v 18.0000 14.3403 77.3820
f 2896 2897 2898
v -12.0000 10.4132 80.1184
v -12.0000 5.3405 81.5236
v 18.0000 5.1180 79.6991
f 2899 2900 2901
v -12.0000 10.4132 80.1184
v 18.0000 5.1180 79.6991
v 18.0000 9.9793 78.8116
f 2902 2903 2904
v -12.0000 5.3405 81.5236
v -12.0000 0.0000 82.0000
v 18.0000 0.0000 80.0000
f 2905 2906 2907
v -12.0000 5.3405 81.5236
v 18.0000 0.0000 80.0000
v 18.0000 5.1180 79.6991
f 2908 2909 2910
v -12.0000 0.0000 82.0000
v -12.0000 -5.3405 81.5236
v 18.0000 -5.1180 79.6991
f 2911 2912 2913
v -12.0000 0.0000 82.0000
v 18.0000 -5.1180 79.6991
v 18.0000 0.0000 80.0000
f 2914 2915 2916
v -12.0000 -5.3405 81.5236
v -12.0000 -10.4132 80.1184
v 18.0000 -9.9793 78.8116
f 2917 2918 2919
v -12.0000 -5.3405 81.5236
v 18.0000 -9.9793 78.8116
v 18.0000 -5.1180 79.6991
f 2920 2921 2922
v -12.0000 -10.4132 80.1184
v -12.0000 -14.9638 77.8548
v 18.0000 -14.3403 77.3820
f 2923 2924 2925
v -12.0000 -10.4132 80.1184
v 18.0000 -14.3403 77.3820
v 18.0000 -9.9793 78.8116
f 2926 2927 2928
v -12.0000 -14.9638 77.8548
v -12.0000 -18.7640 74.8463
v 18.0000 -17.9821 75.4819
f 2929 2930 2931
v -12.0000 -14.9638 77.8548
v 18.0000 -17.9821 75.4819
v 18.0000 -14.3403 77.3820
f 2932 2933 2934
v -12.0000 -18.7640 74.8463
v -12.0000 -21.6233 71.2438
v 18.0000 -20.7223 73.2066
f 2935 2936 2937
v -12.0000 -18.7640 74.8463
v 18.0000 -20.7223 73.2066
v 18.0000 -17.9821 75.4819
f 2938 2939 2940
v -12.0000 -21.6233 71.2438
v -12.0000 -23.3983 67.2279
v 18.0000 -22.4233 70.6703
f 2941 2942 2943
v -12.0000 -21.6233 71.2438
v 18.0000 -22.4233 70.6703
v 18.0000 -20.7223 73.2066
f 2944 2945 2946
v -12.0000 -23.3983 67.2279
v -12.0000 -24.0000 63.0000
v 18.0000 -23.0000 68.0000
f 2947 2948 2949
v -12.0000 -23.3983 67.2279
v 18.0000 -23.0000 68.0000
v 18.0000 -22.4233 70.6703
f 2950 2951 2952
v -12.0000 -24.0000 63.0000
v -12.0000 -23.3983 58.7721
v 18.0000 -22.4233 65.3297
f 2953 2954 2955
v -12.0000 -24.0000 63.0000
v 18.0000 -22.4233 65.3297
v 18.0000 -23.0000 68.0000
f 2956 2957 2958
v -12.0000 -23.3983 58.7721
v -12.0000 -21.6233 54.7562
v 18.0000 -20.7223 62.7934
f 2959 2960 2961
v -12.0000 -23.3983 58.7721
v 18.0000 -20.7223 62.7934
v 18.0000 -22.4233 65.3297
f 2962 2963 2964
v -12.0000 -21.6233 54.7562
v -12.0000 -18.7640 51.1537
v 18.0000 -17.9821 60.5181
f 2965 2966 2967
v -12.0000 -21.6233 54.7562
v 18.0000 -17.9821 60.5181
v 18.0000 -20.7223 62.7934
f 2968 2969 2970
v -12.0000 -18.7640 51.1537
v -12.0000 -14.9638 48.1452
v 18.0000 -14.3403 58.6180
f 2971 2972 2973
v -12.0000 -18.7640 51.1537
v 18.0000 -14.3403 58.6180
v 18.0000 -17.9821 60.5181
f 2974 2975 2976
v -12.0000 -14.9638 48.1452
v -12.0000 -10.4132 45.8816
v 18.0000 -9.9793 57.1884
f 2977 2978 2979
v -12.0000 -14.9638 48.1452
v 18.0000 -9.9793 57.1884
v 18.0000 -14.3403 58.6180
f 2980 2981 2982
v -12.0000 -10.4132 45.8816
v -12.0000 -5.3405 44.4764
v 18.0000 -5.1180 56.3009
f 2983 2984 2985
v -12.0000 -10.4132 45.8816
v 18.0000 -5.1180 56.3009
v 18.0000 -9.9793 57.1884
f 2986 2987 2988
v -12.0000 -5.3405 44.4764
v -12.0000 -0.0000 44.0000
v 18.0000 -0.0000 56.0000
f 2989 2990 2991
v -12.0000 -5.3405 44.4764
v 18.0000 -0.0000 56.0000
v 18.0000 -5.1180 56.3009
f 2992 2993 2994
v -12.0000 -0.0000 44.0000
v -12.0000 5.3405 44.4764
v 18.0000 5.1180 56.3009
f 2995 2996 2997
v -12.0000 -0.0000 44.0000
v 18.0000 5.1180 56.3009
v 18.0000 -0.0000 56.0000
f 2998 2999 3000
v -12.0000 5.3405 44.4764
v -12.0000 10.4132 45.8816
v 18.0000 9.9793 57.1884
f 3001 3002 3003
v -12.0000 5.3405 44.4764
v 18.0000 9.9793 57.1884
v 18.0000 5.1180 56.3009
f 3004 3005 3006
v -12.0000 10.4132 45.8816
v -12.0000 14.9638 48.1452
v 18.0000 14.3403 58.6180
f 3007 3008 3009
v -12.0000 10.4132 45.8816
v 18.0000 14.3403 58.6180
v 18.0000 9.9793 57.1884
f 3010 3011 3012
v -12.0000 14.9638 48.1452
v -12.0000 18.7640 51.1537
v 18.0000 17.9821 60.5181
f 3013 3014 3015
v -12.0000 14.9638 48.1452
v 18.0000 17.9821 60.5181
v 18.0000 14.3403 58.6180
f 3016 3017 3018
v -12.0000 18.7640 51.1537
v -12.0000 21.6233 54.7562
v 18.0000 20.7223 62.7934
f 3019 3020 3021
v -12.0000 18.7640 51.1537
v 18.0000 20.7223 62.7934
v 18.0000 17.9821 60.5181
f 3022 3023 3024
v -12.0000 21.6233 54.7562
v -12.0000 23.3983 58.7721
v 18.0000 22.4233 65.3297
f 3025 3026 3027
v -12.0000 21.6233 54.7562
v 18.0000 22.4233 65.3297
v 18.0000 20.7223 62.7934
f 3028 3029 3030
v -12.0000 23.3983 58.7721
v -12.0000 24.0000 63.0000
v 18.0000 23.0000 68.0000
f 3031 3032 3033
v -12.0000 23.3983 58.7721
v 18.0000 23.0000 68.0000
v 18.0000 22.4233 65.3297
f 3034 3035 3036
v -76.0000 -0.0000 46.0000
v -76.0000 5.8496 47.7802
v -76.0000 6.0000 46.0000
f 3037 3038 3039
v -76.0000 -0.0000 46.0000
v -76.0000 5.4058 49.4711
v -76.0000 5.8496 47.7802
f 3040 3041 3042
v -76.0000 -0.0000 46.0000
v -76.0000 4.6910 50.9879
v -76.0000 5.4058 49.4711
f 3043 3044 3045
v -76.0000 -0.0000 46.0000
v -76.0000 3.7409 52.2547
v -76.0000 4.6910 50.9879
f 3046 3047 3048
v -76.0000 -0.0000 46.0000
v -76.0000 2.6033 53.2078
v -76.0000 3.7409 52.2547
f 3049 3050 3051
v -76.0000 -0.0000 46.0000
v -76.0000 1.3351 53.7994
v -76.0000 2.6033 53.2078
f 3052 3053 3054
v -76.0000 -0.0000 46.0000
v -76.0000 0.0000 54.0000
v -76.0000 1.3351 53.7994
f 3055 3056 3057
v -76.0000 -0.0000 46.0000
v -76.0000 -1.3351 53.7994
v -76.0000 0.0000 54.0000
f 3058 3059 3060
v -76.0000 -0.0000 46.0000
v -76.0000 -2.6033 53.2078
v -76.0000 -1.3351 53.7994
f 3061 3062 3063
v -76.0000 -0.0000 46.0000
v -76.0000 -3.7409 52.2547
v -76.0000 -2.6033 53.2078
f 3064 3065 3066
v -76.0000 -0.0000 46.0000
v -76.0000 -4.6910 50.9879
v -76.0000 -3.7409 52.2547
f 3067 3068 3069
v -76.0000 -0.0000 46.0000
v -76.0000 -5.4058 49.4711
v -76.0000 -4.6910 50.9879
f 3070 3071 3072
v -76.0000 -0.0000 46.0000
v -76.0000 -5.8496 47.7802
v -76.0000 -5.4058 49.4711
f 3073 3074 3075
v -76.0000 -0.0000 46.0000
v -76.0000 -6.0000 46.0000
v -76.0000 -5.8496 47.7802
f 3076 3077 3078
v -76.0000 -0.0000 46.0000
v -76.0000 -5.8496 44.2198
v -76.0000 -6.0000 46.0000
f 3079 3080 3081
v -76.0000 -0.0000 46.0000
v -76.0000 -5.4058 42.5289
v -76.0000 -5.8496 44.2198
f 3082 3083 3084
v -76.0000 -0.0000 46.0000
v -76.0000 -4.6910 41.0121
v -76.0000 -5.4058 42.5289
f 3085 3086 3087
v -76.0000 -0.0000 46.0000
v -76.0000 -3.7409 39.7453
v -76.0000 -4.6910 41.0121
f 3088 3089 3090
v -76.0000 -0.0000 46.0000
v -76.0000 -2.6033 38.7922
v -76.0000 -3.7409 39.7453
f 3091 3092 3093
v -76.0000 -0.0000 46.0000
v -76.0000 -1.3351 38.2006
v -76.0000 -2.6033 38.7922
f 3094 3095 3096
v -76.0000 -0.0000 46.0000
v -76.0000 -0.0000 38.0000
v -76.0000 -1.3351 38.2006
f 3097 3098 3099
v -76.0000 -0.0000 46.0000
v -76.0000 1.3351 38.2006
v -76.0000 -0.0000 38.0000
f 3100 3101 3102
v -76.0000 -0.0000 46.0000
v -76.0000 2.6033 38.7922
v -76.0000 1.3351 38.2006
f 3103 3104 3105
v -76.0000 -0.0000 46.0000
v -76.0000 3.7409 39.7453
v -76.0000 2.6033 38.7922
f 3106 3107 3108
v -76.0000 -0.0000 46.0000
v -76.0000 4.6910 41.0121
v -76.0000 3.7409 39.7453
f 3109 3110 3111
v -76.0000 -0.0000 46.0000
v -76.0000 5.4058 42.5289
v -76.0000 4.6910 41.0121
f 3112 3113 3114
v -76.0000 -0.0000 46.0000
v -76.0000 5.8496 44.2198
v -76.0000 5.4058 42.5289
f 3115 3116 3117
v -76.0000 -0.0000 46.0000
v -76.0000 6.0000 46.0000
v -76.0000 5.8496 44.2198
f 3118 3119 3120
v 18.0000 -0.0000 68.0000
v 18.0000 23.0000 68.0000
v 18.0000 22.4233 70.6703
f 3121 3122 3123
v 18.0000 -0.0000 68.0000
v 18.0000 22.4233 70.6703
v 18.0000 20.7223 73.2066
f 3124 3125 3126
v 18.0000 -0.0000 68.0000
v 18.0000 20.7223 73.2066
v 18.0000 17.9821 75.4819
f 3127 3128 3129
v 18.0000 -0.0000 68.0000
v 18.0000 17.9821 75.4819
v 18.0000 14.3403 77.3820
f 3130 3131 3132
v 18.0000 -0.0000 68.0000
v 18.0000 14.3403 77.3820
v 18.0000 9.9793 78.8116
f 3133 3134 3135
v 18.0000 -0.0000 68.0000
v 18.0000 9.9793 78.8116
v 18.0000 5.1180 79.6991
f 3136 3137 3138
v 18.0000 -0.0000 68.0000
v 18.0000 5.1180 79.6991
v 18.0000 0.0000 80.0000
f 3139 3140 3141
v 18.0000 -0.0000 68.0000
v 18.0000 0.0000 80.0000
v 18.0000 -5.1180 79.6991
f 3142 3143 3144
v 18.0000 -0.0000 68.0000
v 18.0000 -5.1180 79.6991
v 18.0000 -9.9793 78.8116
f 3145 3146 3147
v 18.0000 -0.0000 68.0000
v 18.0000 -9.9793 78.8116
v 18.0000 -14.3403 77.3820
f 3148 3149 3150
v 18.0000 -0.0000 68.0000
v 18.0000 -14.3403 77.3820
v 18.0000 -17.9821 75.4819
f 3151 3152 3153
v 18.0000 -0.0000 68.0000
v 18.0000 -17.9821 75.4819
v 18.0000 -20.7223 73.2066
f 3154 3155 3156
v 18.0000 -0.0000 68.0000
v 18.0000 -20.7223 73.2066
v 18.0000 -22.4233 70.6703
f 3157 3158 3159
v 18.0000 -0.0000 68.0000
v 18.0000 -22.4233 70.6703
v 18.0000 -23.0000 68.0000
f 3160 3161 3162
v 18.0000 -0.0000 68.0000
v 18.0000 -23.0000 68.0000
v 18.0000 -22.4233 65.3297
f 3163 3164 3165
v 18.0000 -0.0000 68.0000
v 18.0000 -22.4233 65.3297
v 18.0000 -20.7223 62.7934
f 3166 3167 3168
v 18.0000 -0.0000 68.0000
v 18.0000 -20.7223 62.7934
v 18.0000 -17.9821 60.5181
f 3169 3170 3171
v 18.0000 -0.0000 68.0000
v 18.0000 -17.9821 60.5181
v 18.0000 -14.3403 58.6180
f 3172 3173 3174
v 18.0000 -0.0000 68.0000
v 18.0000 -14.3403 58.6180
v 18.0000 -9.9793 57.1884
f 3175 3176 3177
v 18.0000 -0.0000 68.0000
v 18.0000 -9.9793 57.1884
v 18.0000 -5.1180 56.3009
f 3178 3179 3180
v 18.0000 -0.0000 68.0000
v 18.0000 -5.1180 56.3009
v 18.0000 -0.0000 56.0000
f 3181 3182 3183
v 18.0000 -0.0000 68.0000
v 18.0000 -0.0000 56.0000
v 18.0000 5.1180 56.3009
f 3184 3185 3186
v 18.0000 -0.0000 68.0000
v 18.0000 5.1180 56.3009
v 18.0000 9.9793 57.1884
f 3187 3188 3189
v 18.0000 -0.0000 68.0000
v 18.0000 9.9793 57.1884
v 18.0000 14.3403 58.6180
f 3190 3191 3192
v 18.0000 -0.0000 68.0000
v 18.0000 14.3403 58.6180
v 18.0000 17.9821 60.5181
f 3193 3194 3195
v 18.0000 -0.0000 68.0000
v 18.0000 17.9821 60.5181
v 18.0000 20.7223 62.7934
f 3196 3197 3198
v 18.0000 -0.0000 68.0000
v 18.0000 20.7223 62.7934
v 18.0000 22.4233 65.3297
f 3199 3200 3201
v 18.0000 -0.0000 68.0000
v 18.0000 22.4233 65.3297
v 18.0000 23.0000 68.0000
f 3202 3203 3204
o 07_window
usemtl mat_3e7ebc
v -57.0000 -1.0000 63.5000
v -29.0000 -1.0000 63.5000
v -29.0000 1.0000 63.5000
f 3205 3206 3207
v -57.0000 -1.0000 63.5000
v -29.0000 1.0000 63.5000
v -57.0000 1.0000 63.5000
f 3208 3209 3210
v -57.0000 -1.0000 76.5000
v -57.0000 1.0000 76.5000
v -29.0000 1.0000 76.5000
f 3211 3212 3213
v -57.0000 -1.0000 76.5000
v -29.0000 1.0000 76.5000
v -29.0000 -1.0000 76.5000
f 3214 3215 3216
v -57.0000 -1.0000 63.5000
v -57.0000 -1.0000 76.5000
v -29.0000 -1.0000 76.5000
f 3217 3218 3219
v -57.0000 -1.0000 63.5000
v -29.0000 -1.0000 76.5000
v -29.0000 -1.0000 63.5000
f 3220 3221 3222
v -29.0000 -1.0000 63.5000
v -29.0000 -1.0000 76.5000
v -29.0000 1.0000 76.5000
f 3223 3224 3225
v -29.0000 -1.0000 63.5000
v -29.0000 1.0000 76.5000
v -29.0000 1.0000 63.5000
f 3226 3227 3228
v -29.0000 1.0000 63.5000
v -29.0000 1.0000 76.5000
v -57.0000 1.0000 76.5000
f 3229 3230 3231
v -29.0000 1.0000 63.5000
v -57.0000 1.0000 76.5000
v -57.0000 1.0000 63.5000
f 3232 3233 3234
v -57.0000 1.0000 63.5000
v -57.0000 1.0000 76.5000
v -57.0000 -1.0000 76.5000
f 3235 3236 3237
v -57.0000 1.0000 63.5000
v -57.0000 -1.0000 76.5000
v -57.0000 -1.0000 63.5000
f 3238 3239 3240
o 08_roof_assembly
usemtl mat_e9e5df
v 22.5000 -5.0000 77.5000
v 89.5000 -5.0000 77.5000
v 89.5000 5.0000 77.5000
f 3241 3242 3243
v 22.5000 -5.0000 77.5000
v 89.5000 5.0000 77.5000
v 22.5000 5.0000 77.5000
f 3244 3245 3246
v 22.5000 -5.0000 80.5000
v 22.5000 5.0000 80.5000
v 89.5000 5.0000 80.5000
f 3247 3248 3249
v 22.5000 -5.0000 80.5000
v 89.5000 5.0000 80.5000
v 89.5000 -5.0000 80.5000
f 3250 3251 3252
v 22.5000 -5.0000 77.5000
v 22.5000 -5.0000 80.5000
v 89.5000 -5.0000 80.5000
f 3253 3254 3255
v 22.5000 -5.0000 77.5000
v 89.5000 -5.0000 80.5000
v 89.5000 -5.0000 77.5000
f 3256 3257 3258
v 89.5000 -5.0000 77.5000
v 89.5000 -5.0000 80.5000
v 89.5000 5.0000 80.5000
f 3259 3260 3261
v 89.5000 -5.0000 77.5000
v 89.5000 5.0000 80.5000
v 89.5000 5.0000 77.5000
f 3262 3263 3264
v 89.5000 5.0000 77.5000
v 89.5000 5.0000 80.5000
v 22.5000 5.0000 80.5000
f 3265 3266 3267
v 89.5000 5.0000 77.5000
v 22.5000 5.0000 80.5000
v 22.5000 5.0000 77.5000
f 3268 3269 3270
v 22.5000 5.0000 77.5000
v 22.5000 5.0000 80.5000
v 22.5000 -5.0000 80.5000
f 3271 3272 3273
v 22.5000 5.0000 77.5000
v 22.5000 -5.0000 80.5000
v 22.5000 -5.0000 77.5000
f 3274 3275 3276
v 40.5000 -22.5000 56.5000
v 45.5000 -22.5000 56.5000
v 45.5000 -17.5000 56.5000
f 3277 3278 3279
v 40.5000 -22.5000 56.5000
v 45.5000 -17.5000 56.5000
v 40.5000 -17.5000 56.5000
f 3280 3281 3282
v 40.5000 -22.5000 79.5000
v 40.5000 -17.5000 79.5000
v 45.5000 -17.5000 79.5000
f 3283 3284 3285
v 40.5000 -22.5000 79.5000
v 45.5000 -17.5000 79.5000
v 45.5000 -22.5000 79.5000
f 3286 3287 3288
v 40.5000 -22.5000 56.5000
v 40.5000 -22.5000 79.5000
v 45.5000 -22.5000 79.5000
f 3289 3290 3291
v 40.5000 -22.5000 56.5000
v 45.5000 -22.5000 79.5000
v 45.5000 -22.5000 56.5000
f 3292 3293 3294
v 45.5000 -22.5000 56.5000
v 45.5000 -22.5000 79.5000
v 45.5000 -17.5000 79.5000
f 3295 3296 3297
v 45.5000 -22.5000 56.5000
v 45.5000 -17.5000 79.5000
v 45.5000 -17.5000 56.5000
f 3298 3299 3300
v 45.5000 -17.5000 56.5000
v 45.5000 -17.5000 79.5000
v 40.5000 -17.5000 79.5000
f 3301 3302 3303
v 45.5000 -17.5000 56.5000
v 40.5000 -17.5000 79.5000
v 40.5000 -17.5000 56.5000
f 3304 3305 3306
v 40.5000 -17.5000 56.5000
v 40.5000 -17.5000 79.5000
v 40.5000 -22.5000 79.5000
f 3307 3308 3309
v 40.5000 -17.5000 56.5000
v 40.5000 -22.5000 79.5000
v 40.5000 -22.5000 56.5000
f 3310 3311 3312
v 40.5000 17.5000 56.5000
v 45.5000 17.5000 56.5000
v 45.5000 22.5000 56.5000
f 3313 3314 3315
v 40.5000 17.5000 56.5000
v 45.5000 22.5000 56.5000
v 40.5000 22.5000 56.5000
f 3316 3317 3318
v 40.5000 17.5000 79.5000
v 40.5000 22.5000 79.5000
v 45.5000 22.5000 79.5000
f 3319 3320 3321
v 40.5000 17.5000 79.5000
v 45.5000 22.5000 79.5000
v 45.5000 17.5000 79.5000
f 3322 3323 3324
v 40.5000 17.5000 56.5000
v 40.5000 17.5000 79.5000
v 45.5000 17.5000 79.5000
f 3325 3326 3327
v 40.5000 17.5000 56.5000
v 45.5000 17.5000 79.5000
v 45.5000 17.5000 56.5000
f 3328 3329 3330
v 45.5000 17.5000 56.5000
v 45.5000 17.5000 79.5000
v 45.5000 22.5000 79.5000
f 3331 3332 3333
v 45.5000 17.5000 56.5000
v 45.5000 22.5000 79.5000
v 45.5000 22.5000 56.5000
f 3334 3335 3336
v 45.5000 22.5000 56.5000
v 45.5000 22.5000 79.5000
v 40.5000 22.5000 79.5000
f 3337 3338 3339
v 45.5000 22.5000 56.5000
v 40.5000 22.5000 79.5000
v 40.5000 22.5000 56.5000
f 3340 3341 3342
v 40.5000 22.5000 56.5000
v 40.5000 22.5000 79.5000
v 40.5000 17.5000 79.5000
f 3343 3344 3345
v 40.5000 22.5000 56.5000
v 40.5000 17.5000 79.5000
v 40.5000 17.5000 56.5000
f 3346 3347 3348
o 09_rear_equipment
usemtl mat_222326
v 56.0000 -23.0000 52.0000
v 76.0000 -23.0000 52.0000
v 76.0000 23.0000 52.0000
f 3349 3350 3351
v 56.0000 -23.0000 52.0000
v 76.0000 23.0000 52.0000
v 56.0000 23.0000 52.0000
f 3352 3353 3354
v 56.0000 -23.0000 64.0000
v 56.0000 23.0000 64.0000
v 76.0000 23.0000 64.0000
f 3355 3356 3357
v 56.0000 -23.0000 64.0000
v 76.0000 23.0000 64.0000
v 76.0000 -23.0000 64.0000
f 3358 3359 3360
v 56.0000 -23.0000 52.0000
v 56.0000 -23.0000 64.0000
v 76.0000 -23.0000 64.0000
f 3361 3362 3363
v 56.0000 -23.0000 52.0000
v 76.0000 -23.0000 64.0000
v 76.0000 -23.0000 52.0000
f 3364 3365 3366
v 76.0000 -23.0000 52.0000
v 76.0000 -23.0000 64.0000
v 76.0000 23.0000 64.0000
f 3367 3368 3369
v 76.0000 -23.0000 52.0000
v 76.0000 23.0000 64.0000
v 76.0000 23.0000 52.0000
f 3370 3371 3372
v 76.0000 23.0000 52.0000
v 76.0000 23.0000 64.0000
v 56.0000 23.0000 64.0000
f 3373 3374 3375
v 76.0000 23.0000 52.0000
v 56.0000 23.0000 64.0000
v 56.0000 23.0000 52.0000
f 3376 3377 3378
v 56.0000 23.0000 52.0000
v 56.0000 23.0000 64.0000
v 56.0000 -23.0000 64.0000
f 3379 3380 3381
v 56.0000 23.0000 52.0000
v 56.0000 -23.0000 64.0000
v 56.0000 -23.0000 52.0000
f 3382 3383 3384
v 70.5000 -15.0000 32.0000
v 79.5000 -15.0000 32.0000
v 79.5000 15.0000 32.0000
f 3385 3386 3387
v 70.5000 -15.0000 32.0000
v 79.5000 15.0000 32.0000
v 70.5000 15.0000 32.0000
f 3388 3389 3390
v 70.5000 -15.0000 52.0000
v 70.5000 15.0000 52.0000
v 79.5000 15.0000 52.0000
f 3391 3392 3393
v 70.5000 -15.0000 52.0000
v 79.5000 15.0000 52.0000
v 79.5000 -15.0000 52.0000
f 3394 3395 3396
v 70.5000 -15.0000 32.0000
v 70.5000 -15.0000 52.0000
v 79.5000 -15.0000 52.0000
f 3397 3398 3399
v 70.5000 -15.0000 32.0000
v 79.5000 -15.0000 52.0000
v 79.5000 -15.0000 32.0000
f 3400 3401 3402
v 79.5000 -15.0000 32.0000
v 79.5000 -15.0000 52.0000
v 79.5000 15.0000 52.0000
f 3403 3404 3405
v 79.5000 -15.0000 32.0000
v 79.5000 15.0000 52.0000
v 79.5000 15.0000 32.0000
f 3406 3407 3408
v 79.5000 15.0000 32.0000
v 79.5000 15.0000 52.0000
v 70.5000 15.0000 52.0000
f 3409 3410 3411
v 79.5000 15.0000 32.0000
v 70.5000 15.0000 52.0000
v 70.5000 15.0000 32.0000
f 3412 3413 3414
v 70.5000 15.0000 32.0000
v 70.5000 15.0000 52.0000
v 70.5000 -15.0000 52.0000
f 3415 3416 3417
v 70.5000 15.0000 32.0000
v 70.5000 -15.0000 52.0000
v 70.5000 -15.0000 32.0000
f 3418 3419 3420
usemtl mat_555b60
v 65.0000 -12.0000 59.0000
v 64.8042 -10.7639 59.0000
v 64.8042 -10.7639 61.0000
f 3421 3422 3423
v 65.0000 -12.0000 59.0000
v 64.8042 -10.7639 61.0000
v 65.0000 -12.0000 61.0000
f 3424 3425 3426
v 64.8042 -10.7639 59.0000
v 64.2361 -9.6489 59.0000
v 64.2361 -9.6489 61.0000
f 3427 3428 3429
v 64.8042 -10.7639 59.0000
v 64.2361 -9.6489 61.0000
v 64.8042 -10.7639 61.0000
f 3430 3431 3432
v 64.2361 -9.6489 59.0000
v 63.3511 -8.7639 59.0000
v 63.3511 -8.7639 61.0000
f 3433 3434 3435
v 64.2361 -9.6489 59.0000
v 63.3511 -8.7639 61.0000
v 64.2361 -9.6489 61.0000
f 3436 3437 3438
v 63.3511 -8.7639 59.0000
v 62.2361 -8.1958 59.0000
v 62.2361 -8.1958 61.0000
f 3439 3440 3441
v 63.3511 -8.7639 59.0000
v 62.2361 -8.1958 61.0000
v 63.3511 -8.7639 61.0000
f 3442 3443 3444
v 62.2361 -8.1958 59.0000
v 61.0000 -8.0000 59.0000
v 61.0000 -8.0000 61.0000
f 3445 3446 3447
v 62.2361 -8.1958 59.0000
v 61.0000 -8.0000 61.0000
v 62.2361 -8.1958 61.0000
f 3448 3449 3450
v 61.0000 -8.0000 59.0000
v 59.7639 -8.1958 59.0000
v 59.7639 -8.1958 61.0000
f 3451 3452 3453
v 61.0000 -8.0000 59.0000
v 59.7639 -8.1958 61.0000
v 61.0000 -8.0000 61.0000
f 3454 3455 3456
v 59.7639 -8.1958 59.0000
v 58.6489 -8.7639 59.0000
v 58.6489 -8.7639 61.0000
f 3457 3458 3459
v 59.7639 -8.1958 59.0000
v 58.6489 -8.7639 61.0000
v 59.7639 -8.1958 61.0000
f 3460 3461 3462
v 58.6489 -8.7639 59.0000
v 57.7639 -9.6489 59.0000
v 57.7639 -9.6489 61.0000
f 3463 3464 3465
v 58.6489 -8.7639 59.0000
v 57.7639 -9.6489 61.0000
v 58.6489 -8.7639 61.0000
f 3466 3467 3468
v 57.7639 -9.6489 59.0000
v 57.1958 -10.7639 59.0000
v 57.1958 -10.7639 61.0000
f 3469 3470 3471
v 57.7639 -9.6489 59.0000
v 57.1958 -10.7639 61.0000
v 57.7639 -9.6489 61.0000
f 3472 3473 3474
v 57.1958 -10.7639 59.0000
v 57.0000 -12.0000 59.0000
v 57.0000 -12.0000 61.0000
f 3475 3476 3477
v 57.1958 -10.7639 59.0000
v 57.0000 -12.0000 61.0000
v 57.1958 -10.7639 61.0000
f 3478 3479 3480
v 57.0000 -12.0000 59.0000
v 57.1958 -13.2361 59.0000
v 57.1958 -13.2361 61.0000
f 3481 3482 3483
v 57.0000 -12.0000 59.0000
v 57.1958 -13.2361 61.0000
v 57.0000 -12.0000 61.0000
f 3484 3485 3486
v 57.1958 -13.2361 59.0000
v 57.7639 -14.3511 59.0000
v 57.7639 -14.3511 61.0000
f 3487 3488 3489
v 57.1958 -13.2361 59.0000
v 57.7639 -14.3511 61.0000
v 57.1958 -13.2361 61.0000
f 3490 3491 3492
v 57.7639 -14.3511 59.0000
v 58.6489 -15.2361 59.0000
v 58.6489 -15.2361 61.0000
f 3493 3494 3495
v 57.7639 -14.3511 59.0000
v 58.6489 -15.2361 61.0000
v 57.7639 -14.3511 61.0000
f 3496 3497 3498
v 58.6489 -15.2361 59.0000
v 59.7639 -15.8042 59.0000
v 59.7639 -15.8042 61.0000
f 3499 3500 3501
v 58.6489 -15.2361 59.0000
v 59.7639 -15.8042 61.0000
v 58.6489 -15.2361 61.0000
f 3502 3503 3504
v 59.7639 -15.8042 59.0000
v 61.0000 -16.0000 59.0000
v 61.0000 -16.0000 61.0000
f 3505 3506 3507
v 59.7639 -15.8042 59.0000
v 61.0000 -16.0000 61.0000
v 59.7639 -15.8042 61.0000
f 3508 3509 3510
v 61.0000 -16.0000 59.0000
v 62.2361 -15.8042 59.0000
v 62.2361 -15.8042 61.0000
f 3511 3512 3513
v 61.0000 -16.0000 59.0000
v 62.2361 -15.8042 61.0000
v 61.0000 -16.0000 61.0000
f 3514 3515 3516
v 62.2361 -15.8042 59.0000
v 63.3511 -15.2361 59.0000
v 63.3511 -15.2361 61.0000
f 3517 3518 3519
v 62.2361 -15.8042 59.0000
v 63.3511 -15.2361 61.0000
v 62.2361 -15.8042 61.0000
f 3520 3521 3522
v 63.3511 -15.2361 59.0000
v 64.2361 -14.3511 59.0000
v 64.2361 -14.3511 61.0000
f 3523 3524 3525
v 63.3511 -15.2361 59.0000
v 64.2361 -14.3511 61.0000
v 63.3511 -15.2361 61.0000
f 3526 3527 3528
v 64.2361 -14.3511 59.0000
v 64.8042 -13.2361 59.0000
v 64.8042 -13.2361 61.0000
f 3529 3530 3531
v 64.2361 -14.3511 59.0000
v 64.8042 -13.2361 61.0000
v 64.2361 -14.3511 61.0000
f 3532 3533 3534
v 64.8042 -13.2361 59.0000
v 65.0000 -12.0000 59.0000
v 65.0000 -12.0000 61.0000
f 3535 3536 3537
v 64.8042 -13.2361 59.0000
v 65.0000 -12.0000 61.0000
v 64.8042 -13.2361 61.0000
f 3538 3539 3540
v 61.0000 -12.0000 59.0000
v 64.8042 -10.7639 59.0000
v 65.0000 -12.0000 59.0000
f 3541 3542 3543
v 61.0000 -12.0000 61.0000
v 65.0000 -12.0000 61.0000
v 64.8042 -10.7639 61.0000
f 3544 3545 3546
v 61.0000 -12.0000 59.0000
v 64.2361 -9.6489 59.0000
v 64.8042 -10.7639 59.0000
f 3547 3548 3549
v 61.0000 -12.0000 61.0000
v 64.8042 -10.7639 61.0000
v 64.2361 -9.6489 61.0000
f 3550 3551 3552
v 61.0000 -12.0000 59.0000
v 63.3511 -8.7639 59.0000
v 64.2361 -9.6489 59.0000
f 3553 3554 3555
v 61.0000 -12.0000 61.0000
v 64.2361 -9.6489 61.0000
v 63.3511 -8.7639 61.0000
f 3556 3557 3558
v 61.0000 -12.0000 59.0000
v 62.2361 -8.1958 59.0000
v 63.3511 -8.7639 59.0000
f 3559 3560 3561
v 61.0000 -12.0000 61.0000
v 63.3511 -8.7639 61.0000
v 62.2361 -8.1958 61.0000
f 3562 3563 3564
v 61.0000 -12.0000 59.0000
v 61.0000 -8.0000 59.0000
v 62.2361 -8.1958 59.0000
f 3565 3566 3567
v 61.0000 -12.0000 61.0000
v 62.2361 -8.1958 61.0000
v 61.0000 -8.0000 61.0000
f 3568 3569 3570
v 61.0000 -12.0000 59.0000
v 59.7639 -8.1958 59.0000
v 61.0000 -8.0000 59.0000
f 3571 3572 3573
v 61.0000 -12.0000 61.0000
v 61.0000 -8.0000 61.0000
v 59.7639 -8.1958 61.0000
f 3574 3575 3576
v 61.0000 -12.0000 59.0000
v 58.6489 -8.7639 59.0000
v 59.7639 -8.1958 59.0000
f 3577 3578 3579
v 61.0000 -12.0000 61.0000
v 59.7639 -8.1958 61.0000
v 58.6489 -8.7639 61.0000
f 3580 3581 3582
v 61.0000 -12.0000 59.0000
v 57.7639 -9.6489 59.0000
v 58.6489 -8.7639 59.0000
f 3583 3584 3585
v 61.0000 -12.0000 61.0000
v 58.6489 -8.7639 61.0000
v 57.7639 -9.6489 61.0000
f 3586 3587 3588
v 61.0000 -12.0000 59.0000
v 57.1958 -10.7639 59.0000
v 57.7639 -9.6489 59.0000
f 3589 3590 3591
v 61.0000 -12.0000 61.0000
v 57.7639 -9.6489 61.0000
v 57.1958 -10.7639 61.0000
f 3592 3593 3594
v 61.0000 -12.0000 59.0000
v 57.0000 -12.0000 59.0000
v 57.1958 -10.7639 59.0000
f 3595 3596 3597
v 61.0000 -12.0000 61.0000
v 57.1958 -10.7639 61.0000
v 57.0000 -12.0000 61.0000
f 3598 3599 3600
v 61.0000 -12.0000 59.0000
v 57.1958 -13.2361 59.0000
v 57.0000 -12.0000 59.0000
f 3601 3602 3603
v 61.0000 -12.0000 61.0000
v 57.0000 -12.0000 61.0000
v 57.1958 -13.2361 61.0000
f 3604 3605 3606
v 61.0000 -12.0000 59.0000
v 57.7639 -14.3511 59.0000
v 57.1958 -13.2361 59.0000
f 3607 3608 3609
v 61.0000 -12.0000 61.0000
v 57.1958 -13.2361 61.0000
v 57.7639 -14.3511 61.0000
f 3610 3611 3612
v 61.0000 -12.0000 59.0000
v 58.6489 -15.2361 59.0000
v 57.7639 -14.3511 59.0000
f 3613 3614 3615
v 61.0000 -12.0000 61.0000
v 57.7639 -14.3511 61.0000
v 58.6489 -15.2361 61.0000
f 3616 3617 3618
v 61.0000 -12.0000 59.0000
v 59.7639 -15.8042 59.0000
v 58.6489 -15.2361 59.0000
f 3619 3620 3621
v 61.0000 -12.0000 61.0000
v 58.6489 -15.2361 61.0000
v 59.7639 -15.8042 61.0000
f 3622 3623 3624
v 61.0000 -12.0000 59.0000
v 61.0000 -16.0000 59.0000
v 59.7639 -15.8042 59.0000
f 3625 3626 3627
v 61.0000 -12.0000 61.0000
v 59.7639 -15.8042 61.0000
v 61.0000 -16.0000 61.0000
f 3628 3629 3630
v 61.0000 -12.0000 59.0000
v 62.2361 -15.8042 59.0000
v 61.0000 -16.0000 59.0000
f 3631 3632 3633
v 61.0000 -12.0000 61.0000
v 61.0000 -16.0000 61.0000
v 62.2361 -15.8042 61.0000
f 3634 3635 3636
v 61.0000 -12.0000 59.0000
v 63.3511 -15.2361 59.0000
v 62.2361 -15.8042 59.0000
f 3637 3638 3639
v 61.0000 -12.0000 61.0000
v 62.2361 -15.8042 61.0000
v 63.3511 -15.2361 61.0000
f 3640 3641 3642
v 61.0000 -12.0000 59.0000
v 64.2361 -14.3511 59.0000
v 63.3511 -15.2361 59.0000
f 3643 3644 3645
v 61.0000 -12.0000 61.0000
v 63.3511 -15.2361 61.0000
v 64.2361 -14.3511 61.0000
f 3646 3647 3648
v 61.0000 -12.0000 59.0000
v 64.8042 -13.2361 59.0000
v 64.2361 -14.3511 59.0000
f 3649 3650 3651
v 61.0000 -12.0000 61.0000
v 64.2361 -14.3511 61.0000
v 64.8042 -13.2361 61.0000
f 3652 3653 3654
v 61.0000 -12.0000 59.0000
v 65.0000 -12.0000 59.0000
v 64.8042 -13.2361 59.0000
f 3655 3656 3657
v 61.0000 -12.0000 61.0000
v 64.8042 -13.2361 61.0000
v 65.0000 -12.0000 61.0000
f 3658 3659 3660
v 65.0000 0.0000 59.0000
v 64.8042 1.2361 59.0000
v 64.8042 1.2361 61.0000
f 3661 3662 3663
v 65.0000 0.0000 59.0000
v 64.8042 1.2361 61.0000
v 65.0000 0.0000 61.0000
f 3664 3665 3666
v 64.8042 1.2361 59.0000
v 64.2361 2.3511 59.0000
v 64.2361 2.3511 61.0000
f 3667 3668 3669
v 64.8042 1.2361 59.0000
v 64.2361 2.3511 61.0000
v 64.8042 1.2361 61.0000
f 3670 3671 3672
v 64.2361 2.3511 59.0000
v 63.3511 3.2361 59.0000
v 63.3511 3.2361 61.0000
f 3673 3674 3675
v 64.2361 2.3511 59.0000
v 63.3511 3.2361 61.0000
v 64.2361 2.3511 61.0000
f 3676 3677 3678
v 63.3511 3.2361 59.0000
v 62.2361 3.8042 59.0000
v 62.2361 3.8042 61.0000
f 3679 3680 3681
v 63.3511 3.2361 59.0000
v 62.2361 3.8042 61.0000
v 63.3511 3.2361 61.0000
f 3682 3683 3684
v 62.2361 3.8042 59.0000
v 61.0000 4.0000 59.0000
v 61.0000 4.0000 61.0000
f 3685 3686 3687
v 62.2361 3.8042 59.0000
v 61.0000 4.0000 61.0000
v 62.2361 3.8042 61.0000
f 3688 3689 3690
v 61.0000 4.0000 59.0000
v 59.7639 3.8042 59.0000
v 59.7639 3.8042 61.0000
f 3691 3692 3693
v 61.0000 4.0000 59.0000
v 59.7639 3.8042 61.0000
v 61.0000 4.0000 61.0000
f 3694 3695 3696
v 59.7639 3.8042 59.0000
v 58.6489 3.2361 59.0000
v 58.6489 3.2361 61.0000
f 3697 3698 3699
v 59.7639 3.8042 59.0000
v 58.6489 3.2361 61.0000
v 59.7639 3.8042 61.0000
f 3700 3701 3702
v 58.6489 3.2361 59.0000
v 57.7639 2.3511 59.0000
v 57.7639 2.3511 61.0000
f 3703 3704 3705
v 58.6489 3.2361 59.0000
v 57.7639 2.3511 61.0000
v 58.6489 3.2361 61.0000
f 3706 3707 3708
v 57.7639 2.3511 59.0000
v 57.1958 1.2361 59.0000
v 57.1958 1.2361 61.0000
f 3709 3710 3711
v 57.7639 2.3511 59.0000
v 57.1958 1.2361 61.0000
v 57.7639 2.3511 61.0000
f 3712 3713 3714
v 57.1958 1.2361 59.0000
v 57.0000 0.0000 59.0000
v 57.0000 0.0000 61.0000
f 3715 3716 3717
v 57.1958 1.2361 59.0000
v 57.0000 0.0000 61.0000
v 57.1958 1.2361 61.0000
f 3718 3719 3720
v 57.0000 0.0000 59.0000
v 57.1958 -1.2361 59.0000
v 57.1958 -1.2361 61.0000
f 3721 3722 3723
v 57.0000 0.0000 59.0000
v 57.1958 -1.2361 61.0000
v 57.0000 0.0000 61.0000
f 3724 3725 3726
v 57.1958 -1.2361 59.0000
v 57.7639 -2.3511 59.0000
v 57.7639 -2.3511 61.0000
f 3727 3728 3729
v 57.1958 -1.2361 59.0000
v 57.7639 -2.3511 61.0000
v 57.1958 -1.2361 61.0000
f 3730 3731 3732
v 57.7639 -2.3511 59.0000
v 58.6489 -3.2361 59.0000
v 58.6489 -3.2361 61.0000
f 3733 3734 3735
v 57.7639 -2.3511 59.0000
v 58.6489 -3.2361 61.0000
v 57.7639 -2.3511 61.0000
f 3736 3737 3738
v 58.6489 -3.2361 59.0000
v 59.7639 -3.8042 59.0000
v 59.7639 -3.8042 61.0000
f 3739 3740 3741
v 58.6489 -3.2361 59.0000
v 59.7639 -3.8042 61.0000
v 58.6489 -3.2361 61.0000
f 3742 3743 3744
v 59.7639 -3.8042 59.0000
v 61.0000 -4.0000 59.0000
v 61.0000 -4.0000 61.0000
f 3745 3746 3747
v 59.7639 -3.8042 59.0000
v 61.0000 -4.0000 61.0000
v 59.7639 -3.8042 61.0000
f 3748 3749 3750
v 61.0000 -4.0000 59.0000
v 62.2361 -3.8042 59.0000
v 62.2361 -3.8042 61.0000
f 3751 3752 3753
v 61.0000 -4.0000 59.0000
v 62.2361 -3.8042 61.0000
v 61.0000 -4.0000 61.0000
f 3754 3755 3756
v 62.2361 -3.8042 59.0000
v 63.3511 -3.2361 59.0000
v 63.3511 -3.2361 61.0000
f 3757 3758 3759
v 62.2361 -3.8042 59.0000
v 63.3511 -3.2361 61.0000
v 62.2361 -3.8042 61.0000
f 3760 3761 3762
v 63.3511 -3.2361 59.0000
v 64.2361 -2.3511 59.0000
v 64.2361 -2.3511 61.0000
f 3763 3764 3765
v 63.3511 -3.2361 59.0000
v 64.2361 -2.3511 61.0000
v 63.3511 -3.2361 61.0000
f 3766 3767 3768
v 64.2361 -2.3511 59.0000
v 64.8042 -1.2361 59.0000
v 64.8042 -1.2361 61.0000
f 3769 3770 3771
v 64.2361 -2.3511 59.0000
v 64.8042 -1.2361 61.0000
v 64.2361 -2.3511 61.0000
f 3772 3773 3774
v 64.8042 -1.2361 59.0000
v 65.0000 -0.0000 59.0000
v 65.0000 -0.0000 61.0000
f 3775 3776 3777
v 64.8042 -1.2361 59.0000
v 65.0000 -0.0000 61.0000
v 64.8042 -1.2361 61.0000
f 3778 3779 3780
v 61.0000 0.0000 59.0000
v 64.8042 1.2361 59.0000
v 65.0000 0.0000 59.0000
f 3781 3782 3783
v 61.0000 0.0000 61.0000
v 65.0000 0.0000 61.0000
v 64.8042 1.2361 61.0000
f 3784 3785 3786
v 61.0000 0.0000 59.0000
v 64.2361 2.3511 59.0000
v 64.8042 1.2361 59.0000
f 3787 3788 3789
v 61.0000 0.0000 61.0000
v 64.8042 1.2361 61.0000
v 64.2361 2.3511 61.0000
f 3790 3791 3792
v 61.0000 0.0000 59.0000
v 63.3511 3.2361 59.0000
v 64.2361 2.3511 59.0000
f 3793 3794 3795
v 61.0000 0.0000 61.0000
v 64.2361 2.3511 61.0000
v 63.3511 3.2361 61.0000
f 3796 3797 3798
v 61.0000 0.0000 59.0000
v 62.2361 3.8042 59.0000
v 63.3511 3.2361 59.0000
f 3799 3800 3801
v 61.0000 0.0000 61.0000
v 63.3511 3.2361 61.0000
v 62.2361 3.8042 61.0000
f 3802 3803 3804
v 61.0000 0.0000 59.0000
v 61.0000 4.0000 59.0000
v 62.2361 3.8042 59.0000
f 3805 3806 3807
v 61.0000 0.0000 61.0000
v 62.2361 3.8042 61.0000
v 61.0000 4.0000 61.0000
f 3808 3809 3810
v 61.0000 0.0000 59.0000
v 59.7639 3.8042 59.0000
v 61.0000 4.0000 59.0000
f 3811 3812 3813
v 61.0000 0.0000 61.0000
v 61.0000 4.0000 61.0000
v 59.7639 3.8042 61.0000
f 3814 3815 3816
v 61.0000 0.0000 59.0000
v 58.6489 3.2361 59.0000
v 59.7639 3.8042 59.0000
f 3817 3818 3819
v 61.0000 0.0000 61.0000
v 59.7639 3.8042 61.0000
v 58.6489 3.2361 61.0000
f 3820 3821 3822
v 61.0000 0.0000 59.0000
v 57.7639 2.3511 59.0000
v 58.6489 3.2361 59.0000
f 3823 3824 3825
v 61.0000 0.0000 61.0000
v 58.6489 3.2361 61.0000
v 57.7639 2.3511 61.0000
f 3826 3827 3828
v 61.0000 0.0000 59.0000
v 57.1958 1.2361 59.0000
v 57.7639 2.3511 59.0000
f 3829 3830 3831
v 61.0000 0.0000 61.0000
v 57.7639 2.3511 61.0000
v 57.1958 1.2361 61.0000
f 3832 3833 3834
v 61.0000 0.0000 59.0000
v 57.0000 0.0000 59.0000
v 57.1958 1.2361 59.0000
f 3835 3836 3837
v 61.0000 0.0000 61.0000
v 57.1958 1.2361 61.0000
v 57.0000 0.0000 61.0000
f 3838 3839 3840
v 61.0000 0.0000 59.0000
v 57.1958 -1.2361 59.0000
v 57.0000 0.0000 59.0000
f 3841 3842 3843
v 61.0000 0.0000 61.0000
v 57.0000 0.0000 61.0000
v 57.1958 -1.2361 61.0000
f 3844 3845 3846
v 61.0000 0.0000 59.0000
v 57.7639 -2.3511 59.0000
v 57.1958 -1.2361 59.0000
f 3847 3848 3849
v 61.0000 0.0000 61.0000
v 57.1958 -1.2361 61.0000
v 57.7639 -2.3511 61.0000
f 3850 3851 3852
v 61.0000 0.0000 59.0000
v 58.6489 -3.2361 59.0000
v 57.7639 -2.3511 59.0000
f 3853 3854 3855
v 61.0000 0.0000 61.0000
v 57.7639 -2.3511 61.0000
v 58.6489 -3.2361 61.0000
f 3856 3857 3858
v 61.0000 0.0000 59.0000
v 59.7639 -3.8042 59.0000
v 58.6489 -3.2361 59.0000
f 3859 3860 3861
v 61.0000 0.0000 61.0000
v 58.6489 -3.2361 61.0000
v 59.7639 -3.8042 61.0000
f 3862 3863 3864
v 61.0000 0.0000 59.0000
v 61.0000 -4.0000 59.0000
v 59.7639 -3.8042 59.0000
f 3865 3866 3867
v 61.0000 0.0000 61.0000
v 59.7639 -3.8042 61.0000
v 61.0000 -4.0000 61.0000
f 3868 3869 3870
v 61.0000 0.0000 59.0000
v 62.2361 -3.8042 59.0000
v 61.0000 -4.0000 59.0000
f 3871 3872 3873
v 61.0000 0.0000 61.0000
v 61.0000 -4.0000 61.0000
v 62.2361 -3.8042 61.0000
f 3874 3875 3876
v 61.0000 0.0000 59.0000
v 63.3511 -3.2361 59.0000
v 62.2361 -3.8042 59.0000
f 3877 3878 3879
v 61.0000 0.0000 61.0000
v 62.2361 -3.8042 61.0000
v 63.3511 -3.2361 61.0000
f 3880 3881 3882
v 61.0000 0.0000 59.0000
v 64.2361 -2.3511 59.0000
v 63.3511 -3.2361 59.0000
f 3883 3884 3885
v 61.0000 0.0000 61.0000
v 63.3511 -3.2361 61.0000
v 64.2361 -2.3511 61.0000
f 3886 3887 3888
v 61.0000 0.0000 59.0000
v 64.8042 -1.2361 59.0000
v 64.2361 -2.3511 59.0000
f 3889 3890 3891
v 61.0000 0.0000 61.0000
v 64.2361 -2.3511 61.0000
v 64.8042 -1.2361 61.0000
f 3892 3893 3894
v 61.0000 0.0000 59.0000
v 65.0000 -0.0000 59.0000
v 64.8042 -1.2361 59.0000
f 3895 3896 3897
v 61.0000 0.0000 61.0000
v 64.8042 -1.2361 61.0000
v 65.0000 -0.0000 61.0000
f 3898 3899 3900
v 65.0000 12.0000 59.0000
v 64.8042 13.2361 59.0000
v 64.8042 13.2361 61.0000
f 3901 3902 3903
v 65.0000 12.0000 59.0000
v 64.8042 13.2361 61.0000
v 65.0000 12.0000 61.0000
f 3904 3905 3906
v 64.8042 13.2361 59.0000
v 64.2361 14.3511 59.0000
v 64.2361 14.3511 61.0000
f 3907 3908 3909
v 64.8042 13.2361 59.0000
v 64.2361 14.3511 61.0000
v 64.8042 13.2361 61.0000
f 3910 3911 3912
v 64.2361 14.3511 59.0000
v 63.3511 15.2361 59.0000
v 63.3511 15.2361 61.0000
f 3913 3914 3915
v 64.2361 14.3511 59.0000
v 63.3511 15.2361 61.0000
v 64.2361 14.3511 61.0000
f 3916 3917 3918
v 63.3511 15.2361 59.0000
v 62.2361 15.8042 59.0000
v 62.2361 15.8042 61.0000
f 3919 3920 3921
v 63.3511 15.2361 59.0000
v 62.2361 15.8042 61.0000
v 63.3511 15.2361 61.0000
f 3922 3923 3924
v 62.2361 15.8042 59.0000
v 61.0000 16.0000 59.0000
v 61.0000 16.0000 61.0000
f 3925 3926 3927
v 62.2361 15.8042 59.0000
v 61.0000 16.0000 61.0000
v 62.2361 15.8042 61.0000
f 3928 3929 3930
v 61.0000 16.0000 59.0000
v 59.7639 15.8042 59.0000
v 59.7639 15.8042 61.0000
f 3931 3932 3933
v 61.0000 16.0000 59.0000
v 59.7639 15.8042 61.0000
v 61.0000 16.0000 61.0000
f 3934 3935 3936
v 59.7639 15.8042 59.0000
v 58.6489 15.2361 59.0000
v 58.6489 15.2361 61.0000
f 3937 3938 3939
v 59.7639 15.8042 59.0000
v 58.6489 15.2361 61.0000
v 59.7639 15.8042 61.0000
f 3940 3941 3942
v 58.6489 15.2361 59.0000
v 57.7639 14.3511 59.0000
v 57.7639 14.3511 61.0000
f 3943 3944 3945
v 58.6489 15.2361 59.0000
v 57.7639 14.3511 61.0000
v 58.6489 15.2361 61.0000
f 3946 3947 3948
v 57.7639 14.3511 59.0000
v 57.1958 13.2361 59.0000
v 57.1958 13.2361 61.0000
f 3949 3950 3951
v 57.7639 14.3511 59.0000
v 57.1958 13.2361 61.0000
v 57.7639 14.3511 61.0000
f 3952 3953 3954
v 57.1958 13.2361 59.0000
v 57.0000 12.0000 59.0000
v 57.0000 12.0000 61.0000
f 3955 3956 3957
v 57.1958 13.2361 59.0000
v 57.0000 12.0000 61.0000
v 57.1958 13.2361 61.0000
f 3958 3959 3960
v 57.0000 12.0000 59.0000
v 57.1958 10.7639 59.0000
v 57.1958 10.7639 61.0000
f 3961 3962 3963
v 57.0000 12.0000 59.0000
v 57.1958 10.7639 61.0000
v 57.0000 12.0000 61.0000
f 3964 3965 3966
v 57.1958 10.7639 59.0000
v 57.7639 9.6489 59.0000
v 57.7639 9.6489 61.0000
f 3967 3968 3969
v 57.1958 10.7639 59.0000
v 57.7639 9.6489 61.0000
v 57.1958 10.7639 61.0000
f 3970 3971 3972
v 57.7639 9.6489 59.0000
v 58.6489 8.7639 59.0000
v 58.6489 8.7639 61.0000
f 3973 3974 3975
v 57.7639 9.6489 59.0000
v 58.6489 8.7639 61.0000
v 57.7639 9.6489 61.0000
f 3976 3977 3978
v 58.6489 8.7639 59.0000
v 59.7639 8.1958 59.0000
v 59.7639 8.1958 61.0000
f 3979 3980 3981
v 58.6489 8.7639 59.0000
v 59.7639 8.1958 61.0000
v 58.6489 8.7639 61.0000
f 3982 3983 3984
v 59.7639 8.1958 59.0000
v 61.0000 8.0000 59.0000
v 61.0000 8.0000 61.0000
f 3985 3986 3987
v 59.7639 8.1958 59.0000
v 61.0000 8.0000 61.0000
v 59.7639 8.1958 61.0000
f 3988 3989 3990
v 61.0000 8.0000 59.0000
v 62.2361 8.1958 59.0000
v 62.2361 8.1958 61.0000
f 3991 3992 3993
v 61.0000 8.0000 59.0000
v 62.2361 8.1958 61.0000
v 61.0000 8.0000 61.0000
f 3994 3995 3996
v 62.2361 8.1958 59.0000
v 63.3511 8.7639 59.0000
v 63.3511 8.7639 61.0000
f 3997 3998 3999
v 62.2361 8.1958 59.0000
v 63.3511 8.7639 61.0000
v 62.2361 8.1958 61.0000
f 4000 4001 4002
v 63.3511 8.7639 59.0000
v 64.2361 9.6489 59.0000
v 64.2361 9.6489 61.0000
f 4003 4004 4005
v 63.3511 8.7639 59.0000
v 64.2361 9.6489 61.0000
v 63.3511 8.7639 61.0000
f 4006 4007 4008
v 64.2361 9.6489 59.0000
v 64.8042 10.7639 59.0000
v 64.8042 10.7639 61.0000
f 4009 4010 4011
v 64.2361 9.6489 59.0000
v 64.8042 10.7639 61.0000
v 64.2361 9.6489 61.0000
f 4012 4013 4014
v 64.8042 10.7639 59.0000
v 65.0000 12.0000 59.0000
v 65.0000 12.0000 61.0000
f 4015 4016 4017
v 64.8042 10.7639 59.0000
v 65.0000 12.0000 61.0000
v 64.8042 10.7639 61.0000
f 4018 4019 4020
v 61.0000 12.0000 59.0000
v 64.8042 13.2361 59.0000
v 65.0000 12.0000 59.0000
f 4021 4022 4023
v 61.0000 12.0000 61.0000
v 65.0000 12.0000 61.0000
v 64.8042 13.2361 61.0000
f 4024 4025 4026
v 61.0000 12.0000 59.0000
v 64.2361 14.3511 59.0000
v 64.8042 13.2361 59.0000
f 4027 4028 4029
v 61.0000 12.0000 61.0000
v 64.8042 13.2361 61.0000
v 64.2361 14.3511 61.0000
f 4030 4031 4032
v 61.0000 12.0000 59.0000
v 63.3511 15.2361 59.0000
v 64.2361 14.3511 59.0000
f 4033 4034 4035
v 61.0000 12.0000 61.0000
v 64.2361 14.3511 61.0000
v 63.3511 15.2361 61.0000
f 4036 4037 4038
v 61.0000 12.0000 59.0000
v 62.2361 15.8042 59.0000
v 63.3511 15.2361 59.0000
f 4039 4040 4041
v 61.0000 12.0000 61.0000
v 63.3511 15.2361 61.0000
v 62.2361 15.8042 61.0000
f 4042 4043 4044
v 61.0000 12.0000 59.0000
v 61.0000 16.0000 59.0000
v 62.2361 15.8042 59.0000
f 4045 4046 4047
v 61.0000 12.0000 61.0000
v 62.2361 15.8042 61.0000
v 61.0000 16.0000 61.0000
f 4048 4049 4050
v 61.0000 12.0000 59.0000
v 59.7639 15.8042 59.0000
v 61.0000 16.0000 59.0000
f 4051 4052 4053
v 61.0000 12.0000 61.0000
v 61.0000 16.0000 61.0000
v 59.7639 15.8042 61.0000
f 4054 4055 4056
v 61.0000 12.0000 59.0000
v 58.6489 15.2361 59.0000
v 59.7639 15.8042 59.0000
f 4057 4058 4059
v 61.0000 12.0000 61.0000
v 59.7639 15.8042 61.0000
v 58.6489 15.2361 61.0000
f 4060 4061 4062
v 61.0000 12.0000 59.0000
v 57.7639 14.3511 59.0000
v 58.6489 15.2361 59.0000
f 4063 4064 4065
v 61.0000 12.0000 61.0000
v 58.6489 15.2361 61.0000
v 57.7639 14.3511 61.0000
f 4066 4067 4068
v 61.0000 12.0000 59.0000
v 57.1958 13.2361 59.0000
v 57.7639 14.3511 59.0000
f 4069 4070 4071
v 61.0000 12.0000 61.0000
v 57.7639 14.3511 61.0000
v 57.1958 13.2361 61.0000
f 4072 4073 4074
v 61.0000 12.0000 59.0000
v 57.0000 12.0000 59.0000
v 57.1958 13.2361 59.0000
f 4075 4076 4077
v 61.0000 12.0000 61.0000
v 57.1958 13.2361 61.0000
v 57.0000 12.0000 61.0000
f 4078 4079 4080
v 61.0000 12.0000 59.0000
v 57.1958 10.7639 59.0000
v 57.0000 12.0000 59.0000
f 4081 4082 4083
v 61.0000 12.0000 61.0000
v 57.0000 12.0000 61.0000
v 57.1958 10.7639 61.0000
f 4084 4085 4086
v 61.0000 12.0000 59.0000
v 57.7639 9.6489 59.0000
v 57.1958 10.7639 59.0000
f 4087 4088 4089
v 61.0000 12.0000 61.0000
v 57.1958 10.7639 61.0000
v 57.7639 9.6489 61.0000
f 4090 4091 4092
v 61.0000 12.0000 59.0000
v 58.6489 8.7639 59.0000
v 57.7639 9.6489 59.0000
f 4093 4094 4095
v 61.0000 12.0000 61.0000
v 57.7639 9.6489 61.0000
v 58.6489 8.7639 61.0000
f 4096 4097 4098
v 61.0000 12.0000 59.0000
v 59.7639 8.1958 59.0000
v 58.6489 8.7639 59.0000
f 4099 4100 4101
v 61.0000 12.0000 61.0000
v 58.6489 8.7639 61.0000
v 59.7639 8.1958 61.0000
f 4102 4103 4104
v 61.0000 12.0000 59.0000
v 61.0000 8.0000 59.0000
v 59.7639 8.1958 59.0000
f 4105 4106 4107
v 61.0000 12.0000 61.0000
v 59.7639 8.1958 61.0000
v 61.0000 8.0000 61.0000
f 4108 4109 4110
v 61.0000 12.0000 59.0000
v 62.2361 8.1958 59.0000
v 61.0000 8.0000 59.0000
f 4111 4112 4113
v 61.0000 12.0000 61.0000
v 61.0000 8.0000 61.0000
v 62.2361 8.1958 61.0000
f 4114 4115 4116
v 61.0000 12.0000 59.0000
v 63.3511 8.7639 59.0000
v 62.2361 8.1958 59.0000
f 4117 4118 4119
v 61.0000 12.0000 61.0000
v 62.2361 8.1958 61.0000
v 63.3511 8.7639 61.0000
f 4120 4121 4122
v 61.0000 12.0000 59.0000
v 64.2361 9.6489 59.0000
v 63.3511 8.7639 59.0000
f 4123 4124 4125
v 61.0000 12.0000 61.0000
v 63.3511 8.7639 61.0000
v 64.2361 9.6489 61.0000
f 4126 4127 4128
v 61.0000 12.0000 59.0000
v 64.8042 10.7639 59.0000
v 64.2361 9.6489 59.0000
f 4129 4130 4131
v 61.0000 12.0000 61.0000
v 64.2361 9.6489 61.0000
v 64.8042 10.7639 61.0000
f 4132 4133 4134
v 61.0000 12.0000 59.0000
v 65.0000 12.0000 59.0000
v 64.8042 10.7639 59.0000
f 4135 4136 4137
v 61.0000 12.0000 61.0000
v 64.8042 10.7639 61.0000
v 65.0000 12.0000 61.0000
f 4138 4139 4140
o 10_healthcare_payload
usemtl mat_63a65f
v -39.5000 -12.0000 32.5000
v 35.5000 -12.0000 32.5000
v 35.5000 12.0000 32.5000
f 4141 4142 4143
v -39.5000 -12.0000 32.5000
v 35.5000 12.0000 32.5000
v -39.5000 12.0000 32.5000
f 4144 4145 4146
v -39.5000 -12.0000 37.5000
v -39.5000 12.0000 37.5000
v 35.5000 12.0000 37.5000
f 4147 4148 4149
v -39.5000 -12.0000 37.5000
v 35.5000 12.0000 37.5000
v 35.5000 -12.0000 37.5000
f 4150 4151 4152
v -39.5000 -12.0000 32.5000
v -39.5000 -12.0000 37.5000
v 35.5000 -12.0000 37.5000
f 4153 4154 4155
v -39.5000 -12.0000 32.5000
v 35.5000 -12.0000 37.5000
v 35.5000 -12.0000 32.5000
f 4156 4157 4158
v 35.5000 -12.0000 32.5000
v 35.5000 -12.0000 37.5000
v 35.5000 12.0000 37.5000
f 4159 4160 4161
v 35.5000 -12.0000 32.5000
v 35.5000 12.0000 37.5000
v 35.5000 12.0000 32.5000
f 4162 4163 4164
v 35.5000 12.0000 32.5000
v 35.5000 12.0000 37.5000
v -39.5000 12.0000 37.5000
f 4165 4166 4167
v 35.5000 12.0000 32.5000
v -39.5000 12.0000 37.5000
v -39.5000 12.0000 32.5000
f 4168 4169 4170
v -39.5000 12.0000 32.5000
v -39.5000 12.0000 37.5000
v -39.5000 -12.0000 37.5000
f 4171 4172 4173
v -39.5000 12.0000 32.5000
v -39.5000 -12.0000 37.5000
v -39.5000 -12.0000 32.5000
f 4174 4175 4176
v -32.5000 -10.0000 38.0000
v 22.5000 -10.0000 38.0000
v 22.5000 10.0000 38.0000
f 4177 4178 4179
v -32.5000 -10.0000 38.0000
v 22.5000 10.0000 38.0000
v -32.5000 10.0000 38.0000
f 4180 4181 4182
v -32.5000 -10.0000 42.0000
v -32.5000 10.0000 42.0000
v 22.5000 10.0000 42.0000
f 4183 4184 4185
v -32.5000 -10.0000 42.0000
v 22.5000 10.0000 42.0000
v 22.5000 -10.0000 42.0000
f 4186 4187 4188
v -32.5000 -10.0000 38.0000
v -32.5000 -10.0000 42.0000
v 22.5000 -10.0000 42.0000
f 4189 4190 4191
v -32.5000 -10.0000 38.0000
v 22.5000 -10.0000 42.0000
v 22.5000 -10.0000 38.0000
f 4192 4193 4194
v 22.5000 -10.0000 38.0000
v 22.5000 -10.0000 42.0000
v 22.5000 10.0000 42.0000
f 4195 4196 4197
v 22.5000 -10.0000 38.0000
v 22.5000 10.0000 42.0000
v 22.5000 10.0000 38.0000
f 4198 4199 4200
v 22.5000 10.0000 38.0000
v 22.5000 10.0000 42.0000
v -32.5000 10.0000 42.0000
f 4201 4202 4203
v 22.5000 10.0000 38.0000
v -32.5000 10.0000 42.0000
v -32.5000 10.0000 38.0000
f 4204 4205 4206
v -32.5000 10.0000 38.0000
v -32.5000 10.0000 42.0000
v -32.5000 -10.0000 42.0000
f 4207 4208 4209
v -32.5000 10.0000 38.0000
v -32.5000 -10.0000 42.0000
v -32.5000 -10.0000 38.0000
f 4210 4211 4212
usemtl mat_3e7ebc
v 26.0000 -21.0000 30.0000
v 44.0000 -21.0000 30.0000
v 44.0000 -11.0000 30.0000
f 4213 4214 4215
v 26.0000 -21.0000 30.0000
v 44.0000 -11.0000 30.0000
v 26.0000 -11.0000 30.0000
f 4216 4217 4218
v 26.0000 -21.0000 48.0000
v 26.0000 -11.0000 48.0000
v 44.0000 -11.0000 48.0000
f 4219 4220 4221
v 26.0000 -21.0000 48.0000
v 44.0000 -11.0000 48.0000
v 44.0000 -21.0000 48.0000
f 4222 4223 4224
v 26.0000 -21.0000 30.0000
v 26.0000 -21.0000 48.0000
v 44.0000 -21.0000 48.0000
f 4225 4226 4227
v 26.0000 -21.0000 30.0000
v 44.0000 -21.0000 48.0000
v 44.0000 -21.0000 30.0000
f 4228 4229 4230
v 44.0000 -21.0000 30.0000
v 44.0000 -21.0000 48.0000
v 44.0000 -11.0000 48.0000
f 4231 4232 4233
v 44.0000 -21.0000 30.0000
v 44.0000 -11.0000 48.0000
v 44.0000 -11.0000 30.0000
f 4234 4235 4236
v 44.0000 -11.0000 30.0000
v 44.0000 -11.0000 48.0000
v 26.0000 -11.0000 48.0000
f 4237 4238 4239
v 44.0000 -11.0000 30.0000
v 26.0000 -11.0000 48.0000
v 26.0000 -11.0000 30.0000
f 4240 4241 4242
v 26.0000 -11.0000 30.0000
v 26.0000 -11.0000 48.0000
v 26.0000 -21.0000 48.0000
f 4243 4244 4245
v 26.0000 -11.0000 30.0000
v 26.0000 -21.0000 48.0000
v 26.0000 -21.0000 30.0000
f 4246 4247 4248
v 26.0000 11.0000 30.0000
v 44.0000 11.0000 30.0000
v 44.0000 21.0000 30.0000
f 4249 4250 4251
v 26.0000 11.0000 30.0000
v 44.0000 21.0000 30.0000
v 26.0000 21.0000 30.0000
f 4252 4253 4254
v 26.0000 11.0000 48.0000
v 26.0000 21.0000 48.0000
v 44.0000 21.0000 48.0000
f 4255 4256 4257
v 26.0000 11.0000 48.0000
v 44.0000 21.0000 48.0000
v 44.0000 11.0000 48.0000
f 4258 4259 4260
v 26.0000 11.0000 30.0000
v 26.0000 11.0000 48.0000
v 44.0000 11.0000 48.0000
f 4261 4262 4263
v 26.0000 11.0000 30.0000
v 44.0000 11.0000 48.0000
v 44.0000 11.0000 30.0000
f 4264 4265 4266
v 44.0000 11.0000 30.0000
v 44.0000 11.0000 48.0000
v 44.0000 21.0000 48.0000
f 4267 4268 4269
v 44.0000 11.0000 30.0000
v 44.0000 21.0000 48.0000
v 44.0000 21.0000 30.0000
f 4270 4271 4272
v 44.0000 21.0000 30.0000
v 44.0000 21.0000 48.0000
v 26.0000 21.0000 48.0000
f 4273 4274 4275
v 44.0000 21.0000 30.0000
v 26.0000 21.0000 48.0000
v 26.0000 21.0000 30.0000
f 4276 4277 4278
v 26.0000 21.0000 30.0000
v 26.0000 21.0000 48.0000
v 26.0000 11.0000 48.0000
f 4279 4280 4281
v 26.0000 21.0000 30.0000
v 26.0000 11.0000 48.0000
v 26.0000 11.0000 30.0000
f 4282 4283 4284
v 23.5000 -1.5000 41.0000
v 26.5000 -1.5000 41.0000
v 26.5000 1.5000 41.0000
f 4285 4286 4287
v 23.5000 -1.5000 41.0000
v 26.5000 1.5000 41.0000
v 23.5000 1.5000 41.0000
f 4288 4289 4290
v 23.5000 -1.5000 63.0000
v 23.5000 1.5000 63.0000
v 26.5000 1.5000 63.0000
f 4291 4292 4293
v 23.5000 -1.5000 63.0000
v 26.5000 1.5000 63.0000
v 26.5000 -1.5000 63.0000
f 4294 4295 4296
v 23.5000 -1.5000 41.0000
v 23.5000 -1.5000 63.0000
v 26.5000 -1.5000 63.0000
f 4297 4298 4299
v 23.5000 -1.5000 41.0000
v 26.5000 -1.5000 63.0000
v 26.5000 -1.5000 41.0000
f 4300 4301 4302
v 26.5000 -1.5000 41.0000
v 26.5000 -1.5000 63.0000
v 26.5000 1.5000 63.0000
f 4303 4304 4305
v 26.5000 -1.5000 41.0000
v 26.5000 1.5000 63.0000
v 26.5000 1.5000 41.0000
f 4306 4307 4308
v 26.5000 1.5000 41.0000
v 26.5000 1.5000 63.0000
v 23.5000 1.5000 63.0000
f 4309 4310 4311
v 26.5000 1.5000 41.0000
v 23.5000 1.5000 63.0000
v 23.5000 1.5000 41.0000
f 4312 4313 4314
v 23.5000 1.5000 41.0000
v 23.5000 1.5000 63.0000
v 23.5000 -1.5000 63.0000
f 4315 4316 4317
v 23.5000 1.5000 41.0000
v 23.5000 -1.5000 63.0000
v 23.5000 -1.5000 41.0000
f 4318 4319 4320
v 19.0000 -1.5000 57.5000
v 31.0000 -1.5000 57.5000
v 31.0000 1.5000 57.5000
f 4321 4322 4323
v 19.0000 -1.5000 57.5000
v 31.0000 1.5000 57.5000
v 19.0000 1.5000 57.5000
f 4324 4325 4326
v 19.0000 -1.5000 66.5000
v 19.0000 1.5000 66.5000
v 31.0000 1.5000 66.5000
f 4327 4328 4329
v 19.0000 -1.5000 66.5000
v 31.0000 1.5000 66.5000
v 31.0000 -1.5000 66.5000
f 4330 4331 4332
v 19.0000 -1.5000 57.5000
v 19.0000 -1.5000 66.5000
v 31.0000 -1.5000 66.5000
f 4333 4334 4335
v 19.0000 -1.5000 57.5000
v 31.0000 -1.5000 66.5000
v 31.0000 -1.5000 57.5000
f 4336 4337 4338
v 31.0000 -1.5000 57.5000
v 31.0000 -1.5000 66.5000
v 31.0000 1.5000 66.5000
f 4339 4340 4341
v 31.0000 -1.5000 57.5000
v 31.0000 1.5000 66.5000
v 31.0000 1.5000 57.5000
f 4342 4343 4344
v 31.0000 1.5000 57.5000
v 31.0000 1.5000 66.5000
v 19.0000 1.5000 66.5000
f 4345 4346 4347
v 31.0000 1.5000 57.5000
v 19.0000 1.5000 66.5000
v 19.0000 1.5000 57.5000
f 4348 4349 4350
v 19.0000 1.5000 57.5000
v 19.0000 1.5000 66.5000
v 19.0000 -1.5000 66.5000
f 4351 4352 4353
v 19.0000 1.5000 57.5000
v 19.0000 -1.5000 66.5000
v 19.0000 -1.5000 57.5000
f 4354 4355 4356
o 11_sensors
usemtl mat_f2c94c
v -80.0000 3.0000 42.0000
v -80.0000 2.7716 43.1481
v -76.0000 2.7716 43.1481
f 4357 4358 4359
v -80.0000 3.0000 42.0000
v -76.0000 2.7716 43.1481
v -76.0000 3.0000 42.0000
f 4360 4361 4362
v -80.0000 2.7716 43.1481
v -80.0000 2.1213 44.1213
v -76.0000 2.1213 44.1213
f 4363 4364 4365
v -80.0000 2.7716 43.1481
v -76.0000 2.1213 44.1213
v -76.0000 2.7716 43.1481
f 4366 4367 4368
v -80.0000 2.1213 44.1213
v -80.0000 1.1481 44.7716
v -76.0000 1.1481 44.7716
f 4369 4370 4371
v -80.0000 2.1213 44.1213
v -76.0000 1.1481 44.7716
v -76.0000 2.1213 44.1213
f 4372 4373 4374
v -80.0000 1.1481 44.7716
v -80.0000 0.0000 45.0000
v -76.0000 0.0000 45.0000
f 4375 4376 4377
v -80.0000 1.1481 44.7716
v -76.0000 0.0000 45.0000
v -76.0000 1.1481 44.7716
f 4378 4379 4380
v -80.0000 0.0000 45.0000
v -80.0000 -1.1481 44.7716
v -76.0000 -1.1481 44.7716
f 4381 4382 4383
v -80.0000 0.0000 45.0000
v -76.0000 -1.1481 44.7716
v -76.0000 0.0000 45.0000
f 4384 4385 4386
v -80.0000 -1.1481 44.7716
v -80.0000 -2.1213 44.1213
v -76.0000 -2.1213 44.1213
f 4387 4388 4389
v -80.0000 -1.1481 44.7716
v -76.0000 -2.1213 44.1213
v -76.0000 -1.1481 44.7716
f 4390 4391 4392
v -80.0000 -2.1213 44.1213
v -80.0000 -2.7716 43.1481
v -76.0000 -2.7716 43.1481
f 4393 4394 4395
v -80.0000 -2.1213 44.1213
v -76.0000 -2.7716 43.1481
v -76.0000 -2.1213 44.1213
f 4396 4397 4398
v -80.0000 -2.7716 43.1481
v -80.0000 -3.0000 42.0000
v -76.0000 -3.0000 42.0000
f 4399 4400 4401
v -80.0000 -2.7716 43.1481
v -76.0000 -3.0000 42.0000
v -76.0000 -2.7716 43.1481
f 4402 4403 4404
v -80.0000 -3.0000 42.0000
v -80.0000 -2.7716 40.8519
v -76.0000 -2.7716 40.8519
f 4405 4406 4407
v -80.0000 -3.0000 42.0000
v -76.0000 -2.7716 40.8519
v -76.0000 -3.0000 42.0000
f 4408 4409 4410
v -80.0000 -2.7716 40.8519
v -80.0000 -2.1213 39.8787
v -76.0000 -2.1213 39.8787
f 4411 4412 4413
v -80.0000 -2.7716 40.8519
v -76.0000 -2.1213 39.8787
v -76.0000 -2.7716 40.8519
f 4414 4415 4416
v -80.0000 -2.1213 39.8787
v -80.0000 -1.1481 39.2284
v -76.0000 -1.1481 39.2284
f 4417 4418 4419
v -80.0000 -2.1213 39.8787
v -76.0000 -1.1481 39.2284
v -76.0000 -2.1213 39.8787
f 4420 4421 4422
v -80.0000 -1.1481 39.2284
v -80.0000 -0.0000 39.0000
v -76.0000 -0.0000 39.0000
f 4423 4424 4425
v -80.0000 -1.1481 39.2284
v -76.0000 -0.0000 39.0000
v -76.0000 -1.1481 39.2284
f 4426 4427 4428
v -80.0000 -0.0000 39.0000
v -80.0000 1.1481 39.2284
v -76.0000 1.1481 39.2284
f 4429 4430 4431
v -80.0000 -0.0000 39.0000
v -76.0000 1.1481 39.2284
v -76.0000 -0.0000 39.0000
f 4432 4433 4434
v -80.0000 1.1481 39.2284
v -80.0000 2.1213 39.8787
v -76.0000 2.1213 39.8787
f 4435 4436 4437
v -80.0000 1.1481 39.2284
v -76.0000 2.1213 39.8787
v -76.0000 1.1481 39.2284
f 4438 4439 4440
v -80.0000 2.1213 39.8787
v -80.0000 2.7716 40.8519
v -76.0000 2.7716 40.8519
f 4441 4442 4443
v -80.0000 2.1213 39.8787
v -76.0000 2.7716 40.8519
v -76.0000 2.1213 39.8787
f 4444 4445 4446
v -80.0000 2.7716 40.8519
v -80.0000 3.0000 42.0000
v -76.0000 3.0000 42.0000
f 4447 4448 4449
v -80.0000 2.7716 40.8519
v -76.0000 3.0000 42.0000
v -76.0000 2.7716 40.8519
f 4450 4451 4452
v -80.0000 0.0000 42.0000
v -80.0000 2.7716 43.1481
v -80.0000 3.0000 42.0000
f 4453 4454 4455
v -76.0000 0.0000 42.0000
v -76.0000 3.0000 42.0000
v -76.0000 2.7716 43.1481
f 4456 4457 4458
v -80.0000 0.0000 42.0000
v -80.0000 2.1213 44.1213
v -80.0000 2.7716 43.1481
f 4459 4460 4461
v -76.0000 0.0000 42.0000
v -76.0000 2.7716 43.1481
v -76.0000 2.1213 44.1213
f 4462 4463 4464
v -80.0000 0.0000 42.0000
v -80.0000 1.1481 44.7716
v -80.0000 2.1213 44.1213
f 4465 4466 4467
v -76.0000 0.0000 42.0000
v -76.0000 2.1213 44.1213
v -76.0000 1.1481 44.7716
f 4468 4469 4470
v -80.0000 0.0000 42.0000
v -80.0000 0.0000 45.0000
v -80.0000 1.1481 44.7716
f 4471 4472 4473
v -76.0000 0.0000 42.0000
v -76.0000 1.1481 44.7716
v -76.0000 0.0000 45.0000
f 4474 4475 4476
v -80.0000 0.0000 42.0000
v -80.0000 -1.1481 44.7716
v -80.0000 0.0000 45.0000
f 4477 4478 4479
v -76.0000 0.0000 42.0000
v -76.0000 0.0000 45.0000
v -76.0000 -1.1481 44.7716
f 4480 4481 4482
v -80.0000 0.0000 42.0000
v -80.0000 -2.1213 44.1213
v -80.0000 -1.1481 44.7716
f 4483 4484 4485
v -76.0000 0.0000 42.0000
v -76.0000 -1.1481 44.7716
v -76.0000 -2.1213 44.1213
f 4486 4487 4488
v -80.0000 0.0000 42.0000
v -80.0000 -2.7716 43.1481
v -80.0000 -2.1213 44.1213
f 4489 4490 4491
v -76.0000 0.0000 42.0000
v -76.0000 -2.1213 44.1213
v -76.0000 -2.7716 43.1481
f 4492 4493 4494
v -80.0000 0.0000 42.0000
v -80.0000 -3.0000 42.0000
v -80.0000 -2.7716 43.1481
f 4495 4496 4497
v -76.0000 0.0000 42.0000
v -76.0000 -2.7716 43.1481
v -76.0000 -3.0000 42.0000
f 4498 4499 4500
v -80.0000 0.0000 42.0000
v -80.0000 -2.7716 40.8519
v -80.0000 -3.0000 42.0000
f 4501 4502 4503
v -76.0000 0.0000 42.0000
v -76.0000 -3.0000 42.0000
v -76.0000 -2.7716 40.8519
f 4504 4505 4506
v -80.0000 0.0000 42.0000
v -80.0000 -2.1213 39.8787
v -80.0000 -2.7716 40.8519
f 4507 4508 4509
v -76.0000 0.0000 42.0000
v -76.0000 -2.7716 40.8519
v -76.0000 -2.1213 39.8787
f 4510 4511 4512
v -80.0000 0.0000 42.0000
v -80.0000 -1.1481 39.2284
v -80.0000 -2.1213 39.8787
f 4513 4514 4515
v -76.0000 0.0000 42.0000
v -76.0000 -2.1213 39.8787
v -76.0000 -1.1481 39.2284
f 4516 4517 4518
v -80.0000 0.0000 42.0000
v -80.0000 -0.0000 39.0000
v -80.0000 -1.1481 39.2284
f 4519 4520 4521
v -76.0000 0.0000 42.0000
v -76.0000 -1.1481 39.2284
v -76.0000 -0.0000 39.0000
f 4522 4523 4524
v -80.0000 0.0000 42.0000
v -80.0000 1.1481 39.2284
v -80.0000 -0.0000 39.0000
f 4525 4526 4527
v -76.0000 0.0000 42.0000
v -76.0000 -0.0000 39.0000
v -76.0000 1.1481 39.2284
f 4528 4529 4530
v -80.0000 0.0000 42.0000
v -80.0000 2.1213 39.8787
v -80.0000 1.1481 39.2284
f 4531 4532 4533
v -76.0000 0.0000 42.0000
v -76.0000 1.1481 39.2284
v -76.0000 2.1213 39.8787
f 4534 4535 4536
v -80.0000 0.0000 42.0000
v -80.0000 2.7716 40.8519
v -80.0000 2.1213 39.8787
f 4537 4538 4539
v -76.0000 0.0000 42.0000
v -76.0000 2.1213 39.8787
v -76.0000 2.7716 40.8519
f 4540 4541 4542
v -80.0000 0.0000 42.0000
v -80.0000 3.0000 42.0000
v -80.0000 2.7716 40.8519
f 4543 4544 4545
v -76.0000 0.0000 42.0000
v -76.0000 2.7716 40.8519
v -76.0000 3.0000 42.0000
f 4546 4547 4548
v -35.0000 -31.0000 48.0000
v -35.2284 -31.0000 49.1481
v -35.2284 -27.0000 49.1481
f 4549 4550 4551
v -35.0000 -31.0000 48.0000
v -35.2284 -27.0000 49.1481
v -35.0000 -27.0000 48.0000
f 4552 4553 4554
v -35.2284 -31.0000 49.1481
v -35.8787 -31.0000 50.1213
v -35.8787 -27.0000 50.1213
f 4555 4556 4557
v -35.2284 -31.0000 49.1481
v -35.8787 -27.0000 50.1213
v -35.2284 -27.0000 49.1481
f 4558 4559 4560
v -35.8787 -31.0000 50.1213
v -36.8519 -31.0000 50.7716
v -36.8519 -27.0000 50.7716
f 4561 4562 4563
v -35.8787 -31.0000 50.1213
v -36.8519 -27.0000 50.7716
v -35.8787 -27.0000 50.1213
f 4564 4565 4566
v -36.8519 -31.0000 50.7716
v -38.0000 -31.0000 51.0000
v -38.0000 -27.0000 51.0000
f 4567 4568 4569
v -36.8519 -31.0000 50.7716
v -38.0000 -27.0000 51.0000
v -36.8519 -27.0000 50.7716
f 4570 4571 4572
v -38.0000 -31.0000 51.0000
v -39.1481 -31.0000 50.7716
v -39.1481 -27.0000 50.7716
f 4573 4574 4575
v -38.0000 -31.0000 51.0000
v -39.1481 -27.0000 50.7716
v -38.0000 -27.0000 51.0000
f 4576 4577 4578
v -39.1481 -31.0000 50.7716
v -40.1213 -31.0000 50.1213
v -40.1213 -27.0000 50.1213
f 4579 4580 4581
v -39.1481 -31.0000 50.7716
v -40.1213 -27.0000 50.1213
v -39.1481 -27.0000 50.7716
f 4582 4583 4584
v -40.1213 -31.0000 50.1213
v -40.7716 -31.0000 49.1481
v -40.7716 -27.0000 49.1481
f 4585 4586 4587
v -40.1213 -31.0000 50.1213
v -40.7716 -27.0000 49.1481
v -40.1213 -27.0000 50.1213
f 4588 4589 4590
v -40.7716 -31.0000 49.1481
v -41.0000 -31.0000 48.0000
v -41.0000 -27.0000 48.0000
f 4591 4592 4593
v -40.7716 -31.0000 49.1481
v -41.0000 -27.0000 48.0000
v -40.7716 -27.0000 49.1481
f 4594 4595 4596
v -41.0000 -31.0000 48.0000
v -40.7716 -31.0000 46.8519
v -40.7716 -27.0000 46.8519
f 4597 4598 4599
v -41.0000 -31.0000 48.0000
v -40.7716 -27.0000 46.8519
v -41.0000 -27.0000 48.0000
f 4600 4601 4602
v -40.7716 -31.0000 46.8519
v -40.1213 -31.0000 45.8787
v -40.1213 -27.0000 45.8787
f 4603 4604 4605
v -40.7716 -31.0000 46.8519
v -40.1213 -27.0000 45.8787
v -40.7716 -27.0000 46.8519
f 4606 4607 4608
v -40.1213 -31.0000 45.8787
v -39.1481 -31.0000 45.2284
v -39.1481 -27.0000 45.2284
f 4609 4610 4611
v -40.1213 -31.0000 45.8787
v -39.1481 -27.0000 45.2284
v -40.1213 -27.0000 45.8787
f 4612 4613 4614
v -39.1481 -31.0000 45.2284
v -38.0000 -31.0000 45.0000
v -38.0000 -27.0000 45.0000
f 4615 4616 4617
v -39.1481 -31.0000 45.2284
v -38.0000 -27.0000 45.0000
v -39.1481 -27.0000 45.2284
f 4618 4619 4620
v -38.0000 -31.0000 45.0000
v -36.8519 -31.0000 45.2284
v -36.8519 -27.0000 45.2284
f 4621 4622 4623
v -38.0000 -31.0000 45.0000
v -36.8519 -27.0000 45.2284
v -38.0000 -27.0000 45.0000
f 4624 4625 4626
v -36.8519 -31.0000 45.2284
v -35.8787 -31.0000 45.8787
v -35.8787 -27.0000 45.8787
f 4627 4628 4629
v -36.8519 -31.0000 45.2284
v -35.8787 -27.0000 45.8787
v -36.8519 -27.0000 45.2284
f 4630 4631 4632
v -35.8787 -31.0000 45.8787
v -35.2284 -31.0000 46.8519
v -35.2284 -27.0000 46.8519
f 4633 4634 4635
v -35.8787 -31.0000 45.8787
v -35.2284 -27.0000 46.8519
v -35.8787 -27.0000 45.8787
f 4636 4637 4638
v -35.2284 -31.0000 46.8519
v -35.0000 -31.0000 48.0000
v -35.0000 -27.0000 48.0000
f 4639 4640 4641
v -35.2284 -31.0000 46.8519
v -35.0000 -27.0000 48.0000
v -35.2284 -27.0000 46.8519
f 4642 4643 4644
v -38.0000 -31.0000 48.0000
v -35.2284 -31.0000 49.1481
v -35.0000 -31.0000 48.0000
f 4645 4646 4647
v -38.0000 -27.0000 48.0000
v -35.0000 -27.0000 48.0000
v -35.2284 -27.0000 49.1481
f 4648 4649 4650
v -38.0000 -31.0000 48.0000
v -35.8787 -31.0000 50.1213
v -35.2284 -31.0000 49.1481
f 4651 4652 4653
v -38.0000 -27.0000 48.0000
v -35.2284 -27.0000 49.1481
v -35.8787 -27.0000 50.1213
f 4654 4655 4656
v -38.0000 -31.0000 48.0000
v -36.8519 -31.0000 50.7716
v -35.8787 -31.0000 50.1213
f 4657 4658 4659
v -38.0000 -27.0000 48.0000
v -35.8787 -27.0000 50.1213
v -36.8519 -27.0000 50.7716
f 4660 4661 4662
v -38.0000 -31.0000 48.0000
v -38.0000 -31.0000 51.0000
v -36.8519 -31.0000 50.7716
f 4663 4664 4665
v -38.0000 -27.0000 48.0000
v -36.8519 -27.0000 50.7716
v -38.0000 -27.0000 51.0000
f 4666 4667 4668
v -38.0000 -31.0000 48.0000
v -39.1481 -31.0000 50.7716
v -38.0000 -31.0000 51.0000
f 4669 4670 4671
v -38.0000 -27.0000 48.0000
v -38.0000 -27.0000 51.0000
v -39.1481 -27.0000 50.7716
f 4672 4673 4674
v -38.0000 -31.0000 48.0000
v -40.1213 -31.0000 50.1213
v -39.1481 -31.0000 50.7716
f 4675 4676 4677
v -38.0000 -27.0000 48.0000
v -39.1481 -27.0000 50.7716
v -40.1213 -27.0000 50.1213
f 4678 4679 4680
v -38.0000 -31.0000 48.0000
v -40.7716 -31.0000 49.1481
v -40.1213 -31.0000 50.1213
f 4681 4682 4683
v -38.0000 -27.0000 48.0000
v -40.1213 -27.0000 50.1213
v -40.7716 -27.0000 49.1481
f 4684 4685 4686
v -38.0000 -31.0000 48.0000
v -41.0000 -31.0000 48.0000
v -40.7716 -31.0000 49.1481
f 4687 4688 4689
v -38.0000 -27.0000 48.0000
v -40.7716 -27.0000 49.1481
v -41.0000 -27.0000 48.0000
f 4690 4691 4692
v -38.0000 -31.0000 48.0000
v -40.7716 -31.0000 46.8519
v -41.0000 -31.0000 48.0000
f 4693 4694 4695
v -38.0000 -27.0000 48.0000
v -41.0000 -27.0000 48.0000
v -40.7716 -27.0000 46.8519
f 4696 4697 4698
v -38.0000 -31.0000 48.0000
v -40.1213 -31.0000 45.8787
v -40.7716 -31.0000 46.8519
f 4699 4700 4701
v -38.0000 -27.0000 48.0000
v -40.7716 -27.0000 46.8519
v -40.1213 -27.0000 45.8787
f 4702 4703 4704
v -38.0000 -31.0000 48.0000
v -39.1481 -31.0000 45.2284
v -40.1213 -31.0000 45.8787
f 4705 4706 4707
v -38.0000 -27.0000 48.0000
v -40.1213 -27.0000 45.8787
v -39.1481 -27.0000 45.2284
f 4708 4709 4710
v -38.0000 -31.0000 48.0000
v -38.0000 -31.0000 45.0000
v -39.1481 -31.0000 45.2284
f 4711 4712 4713
v -38.0000 -27.0000 48.0000
v -39.1481 -27.0000 45.2284
v -38.0000 -27.0000 45.0000
f 4714 4715 4716
v -38.0000 -31.0000 48.0000
v -36.8519 -31.0000 45.2284
v -38.0000 -31.0000 45.0000
f 4717 4718 4719
v -38.0000 -27.0000 48.0000
v -38.0000 -27.0000 45.0000
v -36.8519 -27.0000 45.2284
f 4720 4721 4722
v -38.0000 -31.0000 48.0000
v -35.8787 -31.0000 45.8787
v -36.8519 -31.0000 45.2284
f 4723 4724 4725
v -38.0000 -27.0000 48.0000
v -36.8519 -27.0000 45.2284
v -35.8787 -27.0000 45.8787
f 4726 4727 4728
v -38.0000 -31.0000 48.0000
v -35.2284 -31.0000 46.8519
v -35.8787 -31.0000 45.8787
f 4729 4730 4731
v -38.0000 -27.0000 48.0000
v -35.8787 -27.0000 45.8787
v -35.2284 -27.0000 46.8519
f 4732 4733 4734
v -38.0000 -31.0000 48.0000
v -35.0000 -31.0000 48.0000
v -35.2284 -31.0000 46.8519
f 4735 4736 4737
v -38.0000 -27.0000 48.0000
v -35.2284 -27.0000 46.8519
v -35.0000 -27.0000 48.0000
f 4738 4739 4740
v -35.0000 27.0000 48.0000
v -35.2284 27.0000 49.1481
v -35.2284 31.0000 49.1481
f 4741 4742 4743
v -35.0000 27.0000 48.0000
v -35.2284 31.0000 49.1481
v -35.0000 31.0000 48.0000
f 4744 4745 4746
v -35.2284 27.0000 49.1481
v -35.8787 27.0000 50.1213
v -35.8787 31.0000 50.1213
f 4747 4748 4749
v -35.2284 27.0000 49.1481
v -35.8787 31.0000 50.1213
v -35.2284 31.0000 49.1481
f 4750 4751 4752
v -35.8787 27.0000 50.1213
v -36.8519 27.0000 50.7716
v -36.8519 31.0000 50.7716
f 4753 4754 4755
v -35.8787 27.0000 50.1213
v -36.8519 31.0000 50.7716
v -35.8787 31.0000 50.1213
f 4756 4757 4758
v -36.8519 27.0000 50.7716
v -38.0000 27.0000 51.0000
v -38.0000 31.0000 51.0000
f 4759 4760 4761
v -36.8519 27.0000 50.7716
v -38.0000 31.0000 51.0000
v -36.8519 31.0000 50.7716
f 4762 4763 4764
v -38.0000 27.0000 51.0000
v -39.1481 27.0000 50.7716
v -39.1481 31.0000 50.7716
f 4765 4766 4767
v -38.0000 27.0000 51.0000
v -39.1481 31.0000 50.7716
v -38.0000 31.0000 51.0000
f 4768 4769 4770
v -39.1481 27.0000 50.7716
v -40.1213 27.0000 50.1213
v -40.1213 31.0000 50.1213
f 4771 4772 4773
v -39.1481 27.0000 50.7716
v -40.1213 31.0000 50.1213
v -39.1481 31.0000 50.7716
f 4774 4775 4776
v -40.1213 27.0000 50.1213
v -40.7716 27.0000 49.1481
v -40.7716 31.0000 49.1481
f 4777 4778 4779
v -40.1213 27.0000 50.1213
v -40.7716 31.0000 49.1481
v -40.1213 31.0000 50.1213
f 4780 4781 4782
v -40.7716 27.0000 49.1481
v -41.0000 27.0000 48.0000
v -41.0000 31.0000 48.0000
f 4783 4784 4785
v -40.7716 27.0000 49.1481
v -41.0000 31.0000 48.0000
v -40.7716 31.0000 49.1481
f 4786 4787 4788
v -41.0000 27.0000 48.0000
v -40.7716 27.0000 46.8519
v -40.7716 31.0000 46.8519
f 4789 4790 4791
v -41.0000 27.0000 48.0000
v -40.7716 31.0000 46.8519
v -41.0000 31.0000 48.0000
f 4792 4793 4794
v -40.7716 27.0000 46.8519
v -40.1213 27.0000 45.8787
v -40.1213 31.0000 45.8787
f 4795 4796 4797
v -40.7716 27.0000 46.8519
v -40.1213 31.0000 45.8787
v -40.7716 31.0000 46.8519
f 4798 4799 4800
v -40.1213 27.0000 45.8787
v -39.1481 27.0000 45.2284
v -39.1481 31.0000 45.2284
f 4801 4802 4803
v -40.1213 27.0000 45.8787
v -39.1481 31.0000 45.2284
v -40.1213 31.0000 45.8787
f 4804 4805 4806
v -39.1481 27.0000 45.2284
v -38.0000 27.0000 45.0000
v -38.0000 31.0000 45.0000
f 4807 4808 4809
v -39.1481 27.0000 45.2284
v -38.0000 31.0000 45.0000
v -39.1481 31.0000 45.2284
f 4810 4811 4812
v -38.0000 27.0000 45.0000
v -36.8519 27.0000 45.2284
v -36.8519 31.0000 45.2284
f 4813 4814 4815
v -38.0000 27.0000 45.0000
v -36.8519 31.0000 45.2284
v -38.0000 31.0000 45.0000
f 4816 4817 4818
v -36.8519 27.0000 45.2284
v -35.8787 27.0000 45.8787
v -35.8787 31.0000 45.8787
f 4819 4820 4821
v -36.8519 27.0000 45.2284
v -35.8787 31.0000 45.8787
v -36.8519 31.0000 45.2284
f 4822 4823 4824
v -35.8787 27.0000 45.8787
v -35.2284 27.0000 46.8519
v -35.2284 31.0000 46.8519
f 4825 4826 4827
v -35.8787 27.0000 45.8787
v -35.2284 31.0000 46.8519
v -35.8787 31.0000 45.8787
f 4828 4829 4830
v -35.2284 27.0000 46.8519
v -35.0000 27.0000 48.0000
v -35.0000 31.0000 48.0000
f 4831 4832 4833
v -35.2284 27.0000 46.8519
v -35.0000 31.0000 48.0000
v -35.2284 31.0000 46.8519
f 4834 4835 4836
v -38.0000 27.0000 48.0000
v -35.2284 27.0000 49.1481
v -35.0000 27.0000 48.0000
f 4837 4838 4839
v -38.0000 31.0000 48.0000
v -35.0000 31.0000 48.0000
v -35.2284 31.0000 49.1481
f 4840 4841 4842
v -38.0000 27.0000 48.0000
v -35.8787 27.0000 50.1213
v -35.2284 27.0000 49.1481
f 4843 4844 4845
v -38.0000 31.0000 48.0000
v -35.2284 31.0000 49.1481
v -35.8787 31.0000 50.1213
f 4846 4847 4848
v -38.0000 27.0000 48.0000
v -36.8519 27.0000 50.7716
v -35.8787 27.0000 50.1213
f 4849 4850 4851
v -38.0000 31.0000 48.0000
v -35.8787 31.0000 50.1213
v -36.8519 31.0000 50.7716
f 4852 4853 4854
v -38.0000 27.0000 48.0000
v -38.0000 27.0000 51.0000
v -36.8519 27.0000 50.7716
f 4855 4856 4857
v -38.0000 31.0000 48.0000
v -36.8519 31.0000 50.7716
v -38.0000 31.0000 51.0000
f 4858 4859 4860
v -38.0000 27.0000 48.0000
v -39.1481 27.0000 50.7716
v -38.0000 27.0000 51.0000
f 4861 4862 4863
v -38.0000 31.0000 48.0000
v -38.0000 31.0000 51.0000
v -39.1481 31.0000 50.7716
f 4864 4865 4866
v -38.0000 27.0000 48.0000
v -40.1213 27.0000 50.1213
v -39.1481 27.0000 50.7716
f 4867 4868 4869
v -38.0000 31.0000 48.0000
v -39.1481 31.0000 50.7716
v -40.1213 31.0000 50.1213
f 4870 4871 4872
v -38.0000 27.0000 48.0000
v -40.7716 27.0000 49.1481
v -40.1213 27.0000 50.1213
f 4873 4874 4875
v -38.0000 31.0000 48.0000
v -40.1213 31.0000 50.1213
v -40.7716 31.0000 49.1481
f 4876 4877 4878
v -38.0000 27.0000 48.0000
v -41.0000 27.0000 48.0000
v -40.7716 27.0000 49.1481
f 4879 4880 4881
v -38.0000 31.0000 48.0000
v -40.7716 31.0000 49.1481
v -41.0000 31.0000 48.0000
f 4882 4883 4884
v -38.0000 27.0000 48.0000
v -40.7716 27.0000 46.8519
v -41.0000 27.0000 48.0000
f 4885 4886 4887
v -38.0000 31.0000 48.0000
v -41.0000 31.0000 48.0000
v -40.7716 31.0000 46.8519
f 4888 4889 4890
v -38.0000 27.0000 48.0000
v -40.1213 27.0000 45.8787
v -40.7716 27.0000 46.8519
f 4891 4892 4893
v -38.0000 31.0000 48.0000
v -40.7716 31.0000 46.8519
v -40.1213 31.0000 45.8787
f 4894 4895 4896
v -38.0000 27.0000 48.0000
v -39.1481 27.0000 45.2284
v -40.1213 27.0000 45.8787
f 4897 4898 4899
v -38.0000 31.0000 48.0000
v -40.1213 31.0000 45.8787
v -39.1481 31.0000 45.2284
f 4900 4901 4902
v -38.0000 27.0000 48.0000
v -38.0000 27.0000 45.0000
v -39.1481 27.0000 45.2284
f 4903 4904 4905
v -38.0000 31.0000 48.0000
v -39.1481 31.0000 45.2284
v -38.0000 31.0000 45.0000
f 4906 4907 4908
v -38.0000 27.0000 48.0000
v -36.8519 27.0000 45.2284
v -38.0000 27.0000 45.0000
f 4909 4910 4911
v -38.0000 31.0000 48.0000
v -38.0000 31.0000 45.0000
v -36.8519 31.0000 45.2284
f 4912 4913 4914
v -38.0000 27.0000 48.0000
v -35.8787 27.0000 45.8787
v -36.8519 27.0000 45.2284
f 4915 4916 4917
v -38.0000 31.0000 48.0000
v -36.8519 31.0000 45.2284
v -35.8787 31.0000 45.8787
f 4918 4919 4920
v -38.0000 27.0000 48.0000
v -35.2284 27.0000 46.8519
v -35.8787 27.0000 45.8787
f 4921 4922 4923
v -38.0000 31.0000 48.0000
v -35.8787 31.0000 45.8787
v -35.2284 31.0000 46.8519
f 4924 4925 4926
v -38.0000 27.0000 48.0000
v -35.0000 27.0000 48.0000
v -35.2284 27.0000 46.8519
f 4927 4928 4929
v -38.0000 31.0000 48.0000
v -35.2284 31.0000 46.8519
v -35.0000 31.0000 48.0000
f 4930 4931 4932
v 74.0000 3.0000 52.0000
v 74.0000 2.7716 53.1481
v 78.0000 2.7716 53.1481
f 4933 4934 4935
v 74.0000 3.0000 52.0000
v 78.0000 2.7716 53.1481
v 78.0000 3.0000 52.0000
f 4936 4937 4938
v 74.0000 2.7716 53.1481
v 74.0000 2.1213 54.1213
v 78.0000 2.1213 54.1213
f 4939 4940 4941
v 74.0000 2.7716 53.1481
v 78.0000 2.1213 54.1213
v 78.0000 2.7716 53.1481
f 4942 4943 4944
v 74.0000 2.1213 54.1213
v 74.0000 1.1481 54.7716
v 78.0000 1.1481 54.7716
f 4945 4946 4947
v 74.0000 2.1213 54.1213
v 78.0000 1.1481 54.7716
v 78.0000 2.1213 54.1213
f 4948 4949 4950
v 74.0000 1.1481 54.7716
v 74.0000 0.0000 55.0000
v 78.0000 0.0000 55.0000
f 4951 4952 4953
v 74.0000 1.1481 54.7716
v 78.0000 0.0000 55.0000
v 78.0000 1.1481 54.7716
f 4954 4955 4956
v 74.0000 0.0000 55.0000
v 74.0000 -1.1481 54.7716
v 78.0000 -1.1481 54.7716
f 4957 4958 4959
v 74.0000 0.0000 55.0000
v 78.0000 -1.1481 54.7716
v 78.0000 0.0000 55.0000
f 4960 4961 4962
v 74.0000 -1.1481 54.7716
v 74.0000 -2.1213 54.1213
v 78.0000 -2.1213 54.1213
f 4963 4964 4965
v 74.0000 -1.1481 54.7716
v 78.0000 -2.1213 54.1213
v 78.0000 -1.1481 54.7716
f 4966 4967 4968
v 74.0000 -2.1213 54.1213
v 74.0000 -2.7716 53.1481
v 78.0000 -2.7716 53.1481
f 4969 4970 4971
v 74.0000 -2.1213 54.1213
v 78.0000 -2.7716 53.1481
v 78.0000 -2.1213 54.1213
f 4972 4973 4974
v 74.0000 -2.7716 53.1481
v 74.0000 -3.0000 52.0000
v 78.0000 -3.0000 52.0000
f 4975 4976 4977
v 74.0000 -2.7716 53.1481
v 78.0000 -3.0000 52.0000
v 78.0000 -2.7716 53.1481
f 4978 4979 4980
v 74.0000 -3.0000 52.0000
v 74.0000 -2.7716 50.8519
v 78.0000 -2.7716 50.8519
f 4981 4982 4983
v 74.0000 -3.0000 52.0000
v 78.0000 -2.7716 50.8519
v 78.0000 -3.0000 52.0000
f 4984 4985 4986
v 74.0000 -2.7716 50.8519
v 74.0000 -2.1213 49.8787
v 78.0000 -2.1213 49.8787
f 4987 4988 4989
v 74.0000 -2.7716 50.8519
v 78.0000 -2.1213 49.8787
v 78.0000 -2.7716 50.8519
f 4990 4991 4992
v 74.0000 -2.1213 49.8787
v 74.0000 -1.1481 49.2284
v 78.0000 -1.1481 49.2284
f 4993 4994 4995
v 74.0000 -2.1213 49.8787
v 78.0000 -1.1481 49.2284
v 78.0000 -2.1213 49.8787
f 4996 4997 4998
v 74.0000 -1.1481 49.2284
v 74.0000 -0.0000 49.0000
v 78.0000 -0.0000 49.0000
f 4999 5000 5001
v 74.0000 -1.1481 49.2284
v 78.0000 -0.0000 49.0000
v 78.0000 -1.1481 49.2284
f 5002 5003 5004
v 74.0000 -0.0000 49.0000
v 74.0000 1.1481 49.2284
v 78.0000 1.1481 49.2284
f 5005 5006 5007
v 74.0000 -0.0000 49.0000
v 78.0000 1.1481 49.2284
v 78.0000 -0.0000 49.0000
f 5008 5009 5010
v 74.0000 1.1481 49.2284
v 74.0000 2.1213 49.8787
v 78.0000 2.1213 49.8787
f 5011 5012 5013
v 74.0000 1.1481 49.2284
v 78.0000 2.1213 49.8787
v 78.0000 1.1481 49.2284
f 5014 5015 5016
v 74.0000 2.1213 49.8787
v 74.0000 2.7716 50.8519
v 78.0000 2.7716 50.8519
f 5017 5018 5019
v 74.0000 2.1213 49.8787
v 78.0000 2.7716 50.8519
v 78.0000 2.1213 49.8787
f 5020 5021 5022
v 74.0000 2.7716 50.8519
v 74.0000 3.0000 52.0000
v 78.0000 3.0000 52.0000
f 5023 5024 5025
v 74.0000 2.7716 50.8519
v 78.0000 3.0000 52.0000
v 78.0000 2.7716 50.8519
f 5026 5027 5028
v 74.0000 0.0000 52.0000
v 74.0000 2.7716 53.1481
v 74.0000 3.0000 52.0000
f 5029 5030 5031
v 78.0000 0.0000 52.0000
v 78.0000 3.0000 52.0000
v 78.0000 2.7716 53.1481
f 5032 5033 5034
v 74.0000 0.0000 52.0000
v 74.0000 2.1213 54.1213
v 74.0000 2.7716 53.1481
f 5035 5036 5037
v 78.0000 0.0000 52.0000
v 78.0000 2.7716 53.1481
v 78.0000 2.1213 54.1213
f 5038 5039 5040
v 74.0000 0.0000 52.0000
v 74.0000 1.1481 54.7716
v 74.0000 2.1213 54.1213
f 5041 5042 5043
v 78.0000 0.0000 52.0000
v 78.0000 2.1213 54.1213
v 78.0000 1.1481 54.7716
f 5044 5045 5046
v 74.0000 0.0000 52.0000
v 74.0000 0.0000 55.0000
v 74.0000 1.1481 54.7716
f 5047 5048 5049
v 78.0000 0.0000 52.0000
v 78.0000 1.1481 54.7716
v 78.0000 0.0000 55.0000
f 5050 5051 5052
v 74.0000 0.0000 52.0000
v 74.0000 -1.1481 54.7716
v 74.0000 0.0000 55.0000
f 5053 5054 5055
v 78.0000 0.0000 52.0000
v 78.0000 0.0000 55.0000
v 78.0000 -1.1481 54.7716
f 5056 5057 5058
v 74.0000 0.0000 52.0000
v 74.0000 -2.1213 54.1213
v 74.0000 -1.1481 54.7716
f 5059 5060 5061
v 78.0000 0.0000 52.0000
v 78.0000 -1.1481 54.7716
v 78.0000 -2.1213 54.1213
f 5062 5063 5064
v 74.0000 0.0000 52.0000
v 74.0000 -2.7716 53.1481
v 74.0000 -2.1213 54.1213
f 5065 5066 5067
v 78.0000 0.0000 52.0000
v 78.0000 -2.1213 54.1213
v 78.0000 -2.7716 53.1481
f 5068 5069 5070
v 74.0000 0.0000 52.0000
v 74.0000 -3.0000 52.0000
v 74.0000 -2.7716 53.1481
f 5071 5072 5073
v 78.0000 0.0000 52.0000
v 78.0000 -2.7716 53.1481
v 78.0000 -3.0000 52.0000
f 5074 5075 5076
v 74.0000 0.0000 52.0000
v 74.0000 -2.7716 50.8519
v 74.0000 -3.0000 52.0000
f 5077 5078 5079
v 78.0000 0.0000 52.0000
v 78.0000 -3.0000 52.0000
v 78.0000 -2.7716 50.8519
f 5080 5081 5082
v 74.0000 0.0000 52.0000
v 74.0000 -2.1213 49.8787
v 74.0000 -2.7716 50.8519
f 5083 5084 5085
v 78.0000 0.0000 52.0000
v 78.0000 -2.7716 50.8519
v 78.0000 -2.1213 49.8787
f 5086 5087 5088
v 74.0000 0.0000 52.0000
v 74.0000 -1.1481 49.2284
v 74.0000 -2.1213 49.8787
f 5089 5090 5091
v 78.0000 0.0000 52.0000
v 78.0000 -2.1213 49.8787
v 78.0000 -1.1481 49.2284
f 5092 5093 5094
v 74.0000 0.0000 52.0000
v 74.0000 -0.0000 49.0000
v 74.0000 -1.1481 49.2284
f 5095 5096 5097
v 78.0000 0.0000 52.0000
v 78.0000 -1.1481 49.2284
v 78.0000 -0.0000 49.0000
f 5098 5099 5100
v 74.0000 0.0000 52.0000
v 74.0000 1.1481 49.2284
v 74.0000 -0.0000 49.0000
f 5101 5102 5103
v 78.0000 0.0000 52.0000
v 78.0000 -0.0000 49.0000
v 78.0000 1.1481 49.2284
f 5104 5105 5106
v 74.0000 0.0000 52.0000
v 74.0000 2.1213 49.8787
v 74.0000 1.1481 49.2284
f 5107 5108 5109
v 78.0000 0.0000 52.0000
v 78.0000 1.1481 49.2284
v 78.0000 2.1213 49.8787
f 5110 5111 5112
v 74.0000 0.0000 52.0000
v 74.0000 2.7716 50.8519
v 74.0000 2.1213 49.8787
f 5113 5114 5115
v 78.0000 0.0000 52.0000
v 78.0000 2.1213 49.8787
v 78.0000 2.7716 50.8519
f 5116 5117 5118
v 74.0000 0.0000 52.0000
v 74.0000 3.0000 52.0000
v 74.0000 2.7716 50.8519
f 5119 5120 5121
v 78.0000 0.0000 52.0000
v 78.0000 2.7716 50.8519
v 78.0000 3.0000 52.0000
f 5122 5123 5124
o 12_emergency_egress
usemtl mat_d83b45
v 12.5000 -32.0000 25.5000
v 47.5000 -32.0000 25.5000
v 47.5000 -30.0000 25.5000
f 5125 5126 5127
v 12.5000 -32.0000 25.5000
v 47.5000 -30.0000 25.5000
v 12.5000 -30.0000 25.5000
f 5128 5129 5130
v 12.5000 -32.0000 60.5000
v 12.5000 -30.0000 60.5000
v 47.5000 -30.0000 60.5000
f 5131 5132 5133
v 12.5000 -32.0000 60.5000
v 47.5000 -30.0000 60.5000
v 47.5000 -32.0000 60.5000
f 5134 5135 5136
v 12.5000 -32.0000 25.5000
v 12.5000 -32.0000 60.5000
v 47.5000 -32.0000 60.5000
f 5137 5138 5139
v 12.5000 -32.0000 25.5000
v 47.5000 -32.0000 60.5000
v 47.5000 -32.0000 25.5000
f 5140 5141 5142
v 47.5000 -32.0000 25.5000
v 47.5000 -32.0000 60.5000
v 47.5000 -30.0000 60.5000
f 5143 5144 5145
v 47.5000 -32.0000 25.5000
v 47.5000 -30.0000 60.5000
v 47.5000 -30.0000 25.5000
f 5146 5147 5148
v 47.5000 -30.0000 25.5000
v 47.5000 -30.0000 60.5000
v 12.5000 -30.0000 60.5000
f 5149 5150 5151
v 47.5000 -30.0000 25.5000
v 12.5000 -30.0000 60.5000
v 12.5000 -30.0000 25.5000
f 5152 5153 5154
v 12.5000 -30.0000 25.5000
v 12.5000 -30.0000 60.5000
v 12.5000 -32.0000 60.5000
f 5155 5156 5157
v 12.5000 -30.0000 25.5000
v 12.5000 -32.0000 60.5000
v 12.5000 -32.0000 25.5000
f 5158 5159 5160
v 12.5000 30.0000 25.5000
v 47.5000 30.0000 25.5000
v 47.5000 32.0000 25.5000
f 5161 5162 5163
v 12.5000 30.0000 25.5000
v 47.5000 32.0000 25.5000
v 12.5000 32.0000 25.5000
f 5164 5165 5166
v 12.5000 30.0000 60.5000
v 12.5000 32.0000 60.5000
v 47.5000 32.0000 60.5000
f 5167 5168 5169
v 12.5000 30.0000 60.5000
v 47.5000 32.0000 60.5000
v 47.5000 30.0000 60.5000
f 5170 5171 5172
v 12.5000 30.0000 25.5000
v 12.5000 30.0000 60.5000
v 47.5000 30.0000 60.5000
f 5173 5174 5175
v 12.5000 30.0000 25.5000
v 47.5000 30.0000 60.5000
v 47.5000 30.0000 25.5000
f 5176 5177 5178
v 47.5000 30.0000 25.5000
v 47.5000 30.0000 60.5000
v 47.5000 32.0000 60.5000
f 5179 5180 5181
v 47.5000 30.0000 25.5000
v 47.5000 32.0000 60.5000
v 47.5000 32.0000 25.5000
f 5182 5183 5184
v 47.5000 32.0000 25.5000
v 47.5000 32.0000 60.5000
v 12.5000 32.0000 60.5000
f 5185 5186 5187
v 47.5000 32.0000 25.5000
v 12.5000 32.0000 60.5000
v 12.5000 32.0000 25.5000
f 5188 5189 5190
v 12.5000 32.0000 25.5000
v 12.5000 32.0000 60.5000
v 12.5000 30.0000 60.5000
f 5191 5192 5193
v 12.5000 32.0000 25.5000
v 12.5000 30.0000 60.5000
v 12.5000 30.0000 25.5000
f 5194 5195 5196
v 78.0000 -17.0000 26.0000
v 80.0000 -17.0000 26.0000
v 80.0000 17.0000 26.0000
f 5197 5198 5199
v 78.0000 -17.0000 26.0000
v 80.0000 17.0000 26.0000
v 78.0000 17.0000 26.0000
f 5200 5201 5202
v 78.0000 -17.0000 58.0000
v 78.0000 17.0000 58.0000
v 80.0000 17.0000 58.0000
f 5203 5204 5205
v 78.0000 -17.0000 58.0000
v 80.0000 17.0000 58.0000
v 80.0000 -17.0000 58.0000
f 5206 5207 5208
v 78.0000 -17.0000 26.0000
v 78.0000 -17.0000 58.0000
v 80.0000 -17.0000 58.0000
f 5209 5210 5211
v 78.0000 -17.0000 26.0000
v 80.0000 -17.0000 58.0000
v 80.0000 -17.0000 26.0000
f 5212 5213 5214
v 80.0000 -17.0000 26.0000
v 80.0000 -17.0000 58.0000
v 80.0000 17.0000 58.0000
f 5215 5216 5217
v 80.0000 -17.0000 26.0000
v 80.0000 17.0000 58.0000
v 80.0000 17.0000 26.0000
f 5218 5219 5220
v 80.0000 17.0000 26.0000
v 80.0000 17.0000 58.0000
v 78.0000 17.0000 58.0000
f 5221 5222 5223
v 80.0000 17.0000 26.0000
v 78.0000 17.0000 58.0000
v 78.0000 17.0000 26.0000
f 5224 5225 5226
v 78.0000 17.0000 26.0000
v 78.0000 17.0000 58.0000
v 78.0000 -17.0000 58.0000
f 5227 5228 5229
v 78.0000 17.0000 26.0000
v 78.0000 -17.0000 58.0000
v 78.0000 -17.0000 26.0000
f 5230 5231 5232
o 13_service_clearance
usemtl mat_f2c94c
v -85.0000 -37.0000 5.0000
v -83.0000 -37.0000 5.0000
v -83.0000 -35.0000 5.0000
f 5233 5234 5235
v -85.0000 -37.0000 5.0000
v -83.0000 -35.0000 5.0000
v -85.0000 -35.0000 5.0000
f 5236 5237 5238
v -85.0000 -37.0000 75.0000
v -85.0000 -35.0000 75.0000
v -83.0000 -35.0000 75.0000
f 5239 5240 5241
v -85.0000 -37.0000 75.0000
v -83.0000 -35.0000 75.0000
v -83.0000 -37.0000 75.0000
f 5242 5243 5244
v -85.0000 -37.0000 5.0000
v -85.0000 -37.0000 75.0000
v -83.0000 -37.0000 75.0000
f 5245 5246 5247
v -85.0000 -37.0000 5.0000
v -83.0000 -37.0000 75.0000
v -83.0000 -37.0000 5.0000
f 5248 5249 5250
v -83.0000 -37.0000 5.0000
v -83.0000 -37.0000 75.0000
v -83.0000 -35.0000 75.0000
f 5251 5252 5253
v -83.0000 -37.0000 5.0000
v -83.0000 -35.0000 75.0000
v -83.0000 -35.0000 5.0000
f 5254 5255 5256
v -83.0000 -35.0000 5.0000
v -83.0000 -35.0000 75.0000
v -85.0000 -35.0000 75.0000
f 5257 5258 5259
v -83.0000 -35.0000 5.0000
v -85.0000 -35.0000 75.0000
v -85.0000 -35.0000 5.0000
f 5260 5261 5262
v -85.0000 -35.0000 5.0000
v -85.0000 -35.0000 75.0000
v -85.0000 -37.0000 75.0000
f 5263 5264 5265
v -85.0000 -35.0000 5.0000
v -85.0000 -37.0000 75.0000
v -85.0000 -37.0000 5.0000
f 5266 5267 5268
v -85.0000 35.0000 5.0000
v -83.0000 35.0000 5.0000
v -83.0000 37.0000 5.0000
f 5269 5270 5271
v -85.0000 35.0000 5.0000
v -83.0000 37.0000 5.0000
v -85.0000 37.0000 5.0000
f 5272 5273 5274
v -85.0000 35.0000 75.0000
v -85.0000 37.0000 75.0000
v -83.0000 37.0000 75.0000
f 5275 5276 5277
v -85.0000 35.0000 75.0000
v -83.0000 37.0000 75.0000
v -83.0000 35.0000 75.0000
f 5278 5279 5280
v -85.0000 35.0000 5.0000
v -85.0000 35.0000 75.0000
v -83.0000 35.0000 75.0000
f 5281 5282 5283
v -85.0000 35.0000 5.0000
v -83.0000 35.0000 75.0000
v -83.0000 35.0000 5.0000
f 5284 5285 5286
v -83.0000 35.0000 5.0000
v -83.0000 35.0000 75.0000
v -83.0000 37.0000 75.0000
f 5287 5288 5289
v -83.0000 35.0000 5.0000
v -83.0000 37.0000 75.0000
v -83.0000 37.0000 5.0000
f 5290 5291 5292
v -83.0000 37.0000 5.0000
v -83.0000 37.0000 75.0000
v -85.0000 37.0000 75.0000
f 5293 5294 5295
v -83.0000 37.0000 5.0000
v -85.0000 37.0000 75.0000
v -85.0000 37.0000 5.0000
f 5296 5297 5298
v -85.0000 37.0000 5.0000
v -85.0000 37.0000 75.0000
v -85.0000 35.0000 75.0000
f 5299 5300 5301
v -85.0000 37.0000 5.0000
v -85.0000 35.0000 75.0000
v -85.0000 35.0000 5.0000
f 5302 5303 5304
v 83.0000 -37.0000 5.0000
v 85.0000 -37.0000 5.0000
v 85.0000 -35.0000 5.0000
f 5305 5306 5307
v 83.0000 -37.0000 5.0000
v 85.0000 -35.0000 5.0000
v 83.0000 -35.0000 5.0000
f 5308 5309 5310
v 83.0000 -37.0000 75.0000
v 83.0000 -35.0000 75.0000
v 85.0000 -35.0000 75.0000
f 5311 5312 5313
v 83.0000 -37.0000 75.0000
v 85.0000 -35.0000 75.0000
v 85.0000 -37.0000 75.0000
f 5314 5315 5316
v 83.0000 -37.0000 5.0000
v 83.0000 -37.0000 75.0000
v 85.0000 -37.0000 75.0000
f 5317 5318 5319
v 83.0000 -37.0000 5.0000
v 85.0000 -37.0000 75.0000
v 85.0000 -37.0000 5.0000
f 5320 5321 5322
v 85.0000 -37.0000 5.0000
v 85.0000 -37.0000 75.0000
v 85.0000 -35.0000 75.0000
f 5323 5324 5325
v 85.0000 -37.0000 5.0000
v 85.0000 -35.0000 75.0000
v 85.0000 -35.0000 5.0000
f 5326 5327 5328
v 85.0000 -35.0000 5.0000
v 85.0000 -35.0000 75.0000
v 83.0000 -35.0000 75.0000
f 5329 5330 5331
v 85.0000 -35.0000 5.0000
v 83.0000 -35.0000 75.0000
v 83.0000 -35.0000 5.0000
f 5332 5333 5334
v 83.0000 -35.0000 5.0000
v 83.0000 -35.0000 75.0000
v 83.0000 -37.0000 75.0000
f 5335 5336 5337
v 83.0000 -35.0000 5.0000
v 83.0000 -37.0000 75.0000
v 83.0000 -37.0000 5.0000
f 5338 5339 5340
v 83.0000 35.0000 5.0000
v 85.0000 35.0000 5.0000
v 85.0000 37.0000 5.0000
f 5341 5342 5343
v 83.0000 35.0000 5.0000
v 85.0000 37.0000 5.0000
v 83.0000 37.0000 5.0000
f 5344 5345 5346
v 83.0000 35.0000 75.0000
v 83.0000 37.0000 75.0000
v 85.0000 37.0000 75.0000
f 5347 5348 5349
v 83.0000 35.0000 75.0000
v 85.0000 37.0000 75.0000
v 85.0000 35.0000 75.0000
f 5350 5351 5352
v 83.0000 35.0000 5.0000
v 83.0000 35.0000 75.0000
v 85.0000 35.0000 75.0000
f 5353 5354 5355
v 83.0000 35.0000 5.0000
v 85.0000 35.0000 75.0000
v 85.0000 35.0000 5.0000
f 5356 5357 5358
v 85.0000 35.0000 5.0000
v 85.0000 35.0000 75.0000
v 85.0000 37.0000 75.0000
f 5359 5360 5361
v 85.0000 35.0000 5.0000
v 85.0000 37.0000 75.0000
v 85.0000 37.0000 5.0000
f 5362 5363 5364
v 85.0000 37.0000 5.0000
v 85.0000 37.0000 75.0000
v 83.0000 37.0000 75.0000
f 5365 5366 5367
v 85.0000 37.0000 5.0000
v 83.0000 37.0000 75.0000
v 83.0000 37.0000 5.0000
f 5368 5369 5370
v 83.0000 37.0000 5.0000
v 83.0000 37.0000 75.0000
v 83.0000 35.0000 75.0000
f 5371 5372 5373
v 83.0000 37.0000 5.0000
v 83.0000 35.0000 75.0000
v 83.0000 35.0000 5.0000
f 5374 5375 5376
v -85.0000 -36.0000 5.0000
v -83.0000 -36.0000 5.0000
v -83.0000 36.0000 5.0000
f 5377 5378 5379
v -85.0000 -36.0000 5.0000
v -83.0000 36.0000 5.0000
v -85.0000 36.0000 5.0000
f 5380 5381 5382
v -85.0000 -36.0000 7.0000
v -85.0000 36.0000 7.0000
v -83.0000 36.0000 7.0000
f 5383 5384 5385
v -85.0000 -36.0000 7.0000
v -83.0000 36.0000 7.0000
v -83.0000 -36.0000 7.0000
f 5386 5387 5388
v -85.0000 -36.0000 5.0000
v -85.0000 -36.0000 7.0000
v -83.0000 -36.0000 7.0000
f 5389 5390 5391
v -85.0000 -36.0000 5.0000
v -83.0000 -36.0000 7.0000
v -83.0000 -36.0000 5.0000
f 5392 5393 5394
v -83.0000 -36.0000 5.0000
v -83.0000 -36.0000 7.0000
v -83.0000 36.0000 7.0000
f 5395 5396 5397
v -83.0000 -36.0000 5.0000
v -83.0000 36.0000 7.0000
v -83.0000 36.0000 5.0000
f 5398 5399 5400
v -83.0000 36.0000 5.0000
v -83.0000 36.0000 7.0000
v -85.0000 36.0000 7.0000
f 5401 5402 5403
v -83.0000 36.0000 5.0000
v -85.0000 36.0000 7.0000
v -85.0000 36.0000 5.0000
f 5404 5405 5406
v -85.0000 36.0000 5.0000
v -85.0000 36.0000 7.0000
v -85.0000 -36.0000 7.0000
f 5407 5408 5409
v -85.0000 36.0000 5.0000
v -85.0000 -36.0000 7.0000
v -85.0000 -36.0000 5.0000
f 5410 5411 5412
v -85.0000 -36.0000 74.0000
v -83.0000 -36.0000 74.0000
v -83.0000 36.0000 74.0000
f 5413 5414 5415
v -85.0000 -36.0000 74.0000
v -83.0000 36.0000 74.0000
v -85.0000 36.0000 74.0000
f 5416 5417 5418
v -85.0000 -36.0000 76.0000
v -85.0000 36.0000 76.0000
v -83.0000 36.0000 76.0000
f 5419 5420 5421
v -85.0000 -36.0000 76.0000
v -83.0000 36.0000 76.0000
v -83.0000 -36.0000 76.0000
f 5422 5423 5424
v -85.0000 -36.0000 74.0000
v -85.0000 -36.0000 76.0000
v -83.0000 -36.0000 76.0000
f 5425 5426 5427
v -85.0000 -36.0000 74.0000
v -83.0000 -36.0000 76.0000
v -83.0000 -36.0000 74.0000
f 5428 5429 5430
v -83.0000 -36.0000 74.0000
v -83.0000 -36.0000 76.0000
v -83.0000 36.0000 76.0000
f 5431 5432 5433
v -83.0000 -36.0000 74.0000
v -83.0000 36.0000 76.0000
v -83.0000 36.0000 74.0000
f 5434 5435 5436
v -83.0000 36.0000 74.0000
v -83.0000 36.0000 76.0000
v -85.0000 36.0000 76.0000
f 5437 5438 5439
v -83.0000 36.0000 74.0000
v -85.0000 36.0000 76.0000
v -85.0000 36.0000 74.0000
f 5440 5441 5442
v -85.0000 36.0000 74.0000
v -85.0000 36.0000 76.0000
v -85.0000 -36.0000 76.0000
f 5443 5444 5445
v -85.0000 36.0000 74.0000
v -85.0000 -36.0000 76.0000
v -85.0000 -36.0000 74.0000
f 5446 5447 5448
v 83.0000 -36.0000 5.0000
v 85.0000 -36.0000 5.0000
v 85.0000 36.0000 5.0000
f 5449 5450 5451
v 83.0000 -36.0000 5.0000
v 85.0000 36.0000 5.0000
v 83.0000 36.0000 5.0000
f 5452 5453 5454
v 83.0000 -36.0000 7.0000
v 83.0000 36.0000 7.0000
v 85.0000 36.0000 7.0000
f 5455 5456 5457
v 83.0000 -36.0000 7.0000
v 85.0000 36.0000 7.0000
v 85.0000 -36.0000 7.0000
f 5458 5459 5460
v 83.0000 -36.0000 5.0000
v 83.0000 -36.0000 7.0000
v 85.0000 -36.0000 7.0000
f 5461 5462 5463
v 83.0000 -36.0000 5.0000
v 85.0000 -36.0000 7.0000
v 85.0000 -36.0000 5.0000
f 5464 5465 5466
v 85.0000 -36.0000 5.0000
v 85.0000 -36.0000 7.0000
v 85.0000 36.0000 7.0000
f 5467 5468 5469
v 85.0000 -36.0000 5.0000
v 85.0000 36.0000 7.0000
v 85.0000 36.0000 5.0000
f 5470 5471 5472
v 85.0000 36.0000 5.0000
v 85.0000 36.0000 7.0000
v 83.0000 36.0000 7.0000
f 5473 5474 5475
v 85.0000 36.0000 5.0000
v 83.0000 36.0000 7.0000
v 83.0000 36.0000 5.0000
f 5476 5477 5478
v 83.0000 36.0000 5.0000
v 83.0000 36.0000 7.0000
v 83.0000 -36.0000 7.0000
f 5479 5480 5481
v 83.0000 36.0000 5.0000
v 83.0000 -36.0000 7.0000
v 83.0000 -36.0000 5.0000
f 5482 5483 5484
v 83.0000 -36.0000 74.0000
v 85.0000 -36.0000 74.0000
v 85.0000 36.0000 74.0000
f 5485 5486 5487
v 83.0000 -36.0000 74.0000
v 85.0000 36.0000 74.0000
v 83.0000 36.0000 74.0000
f 5488 5489 5490
v 83.0000 -36.0000 76.0000
v 83.0000 36.0000 76.0000
v 85.0000 36.0000 76.0000
f 5491 5492 5493
v 83.0000 -36.0000 76.0000
v 85.0000 36.0000 76.0000
v 85.0000 -36.0000 76.0000
f 5494 5495 5496
v 83.0000 -36.0000 74.0000
v 83.0000 -36.0000 76.0000
v 85.0000 -36.0000 76.0000
f 5497 5498 5499
v 83.0000 -36.0000 74.0000
v 85.0000 -36.0000 76.0000
v 85.0000 -36.0000 74.0000
f 5500 5501 5502
v 85.0000 -36.0000 74.0000
v 85.0000 -36.0000 76.0000
v 85.0000 36.0000 76.0000
f 5503 5504 5505
v 85.0000 -36.0000 74.0000
v 85.0000 36.0000 76.0000
v 85.0000 36.0000 74.0000
f 5506 5507 5508
v 85.0000 36.0000 74.0000
v 85.0000 36.0000 76.0000
v 83.0000 36.0000 76.0000
f 5509 5510 5511
v 85.0000 36.0000 74.0000
v 83.0000 36.0000 76.0000
v 83.0000 36.0000 74.0000
f 5512 5513 5514
v 83.0000 36.0000 74.0000
v 83.0000 36.0000 76.0000
v 83.0000 -36.0000 76.0000
f 5515 5516 5517
v 83.0000 36.0000 74.0000
v 83.0000 -36.0000 76.0000
v 83.0000 -36.0000 74.0000
f 5518 5519 5520
o 14_pod_skids
usemtl mat_222326
v -72.5000 -25.0000 13.5000
v 72.5000 -25.0000 13.5000
v 72.5000 -19.0000 13.5000
f 5521 5522 5523
v -72.5000 -25.0000 13.5000
v 72.5000 -19.0000 13.5000
v -72.5000 -19.0000 13.5000
f 5524 5525 5526
v -72.5000 -25.0000 18.5000
v -72.5000 -19.0000 18.5000
v 72.5000 -19.0000 18.5000
f 5527 5528 5529
v -72.5000 -25.0000 18.5000
v 72.5000 -19.0000 18.5000
v 72.5000 -25.0000 18.5000
f 5530 5531 5532
v -72.5000 -25.0000 13.5000
v -72.5000 -25.0000 18.5000
v 72.5000 -25.0000 18.5000
f 5533 5534 5535
v -72.5000 -25.0000 13.5000
v 72.5000 -25.0000 18.5000
v 72.5000 -25.0000 13.5000
f 5536 5537 5538
v 72.5000 -25.0000 13.5000
v 72.5000 -25.0000 18.5000
v 72.5000 -19.0000 18.5000
f 5539 5540 5541
v 72.5000 -25.0000 13.5000
v 72.5000 -19.0000 18.5000
v 72.5000 -19.0000 13.5000
f 5542 5543 5544
v 72.5000 -19.0000 13.5000
v 72.5000 -19.0000 18.5000
v -72.5000 -19.0000 18.5000
f 5545 5546 5547
v 72.5000 -19.0000 13.5000
v -72.5000 -19.0000 18.5000
v -72.5000 -19.0000 13.5000
f 5548 5549 5550
v -72.5000 -19.0000 13.5000
v -72.5000 -19.0000 18.5000
v -72.5000 -25.0000 18.5000
f 5551 5552 5553
v -72.5000 -19.0000 13.5000
v -72.5000 -25.0000 18.5000
v -72.5000 -25.0000 13.5000
f 5554 5555 5556
v -72.5000 19.0000 13.5000
v 72.5000 19.0000 13.5000
v 72.5000 25.0000 13.5000
f 5557 5558 5559
v -72.5000 19.0000 13.5000
v 72.5000 25.0000 13.5000
v -72.5000 25.0000 13.5000
f 5560 5561 5562
v -72.5000 19.0000 18.5000
v -72.5000 25.0000 18.5000
v 72.5000 25.0000 18.5000
f 5563 5564 5565
v -72.5000 19.0000 18.5000
v 72.5000 25.0000 18.5000
v 72.5000 19.0000 18.5000
f 5566 5567 5568
v -72.5000 19.0000 13.5000
v -72.5000 19.0000 18.5000
v 72.5000 19.0000 18.5000
f 5569 5570 5571
v -72.5000 19.0000 13.5000
v 72.5000 19.0000 18.5000
v 72.5000 19.0000 13.5000
f 5572 5573 5574
v 72.5000 19.0000 13.5000
v 72.5000 19.0000 18.5000
v 72.5000 25.0000 18.5000
f 5575 5576 5577
v 72.5000 19.0000 13.5000
v 72.5000 25.0000 18.5000
v 72.5000 25.0000 13.5000
f 5578 5579 5580
v 72.5000 25.0000 13.5000
v 72.5000 25.0000 18.5000
v -72.5000 25.0000 18.5000
f 5581 5582 5583
v 72.5000 25.0000 13.5000
v -72.5000 25.0000 18.5000
v -72.5000 25.0000 13.5000
f 5584 5585 5586
v -72.5000 25.0000 13.5000
v -72.5000 25.0000 18.5000
v -72.5000 19.0000 18.5000
f 5587 5588 5589
v -72.5000 25.0000 13.5000
v -72.5000 19.0000 18.5000
v -72.5000 19.0000 13.5000
f 5590 5591 5592
